id  ; name         ; slogan
   1; Devpoint     ; strategize sexy markets
   2; Jatri        ; transition mission-critical channels
   3; Chatterbridge; transform e-business content
   4; Thoughtmix   ; exploit one-to-one convergence
   5; Meejo        ; iterate leading-edge e-services
   6; Zoozzy       ; whiteboard synergistic web-readiness
   7; Zava         ; synthesize holistic markets
   8; Jabberbean   ; maximize holistic architectures
   9; DabZ         ; optimize 24/365 platforms
  10; Blogtags     ; enhance 24/365 systems
  11; Ntags        ; morph enterprise schemas
  12; Tagcat       ; facilitate extensible relationships
  13; Dablist      ; whiteboard ubiquitous technologies
  14; Youopia      ; grow B2B infrastructures
  15; Youopia      ; envisioneer cutting-edge metrics
  16; Edgeblab     ; embrace cutting-edge paradigms
  17; Skidoo       ; orchestrate seamless web-readiness
  18; Rhyzio       ; scale next-generation partnerships
  19; Gabtype      ; synthesize turn-key metrics
  20; Photolist    ; optimize distributed solutions
  21; Roomm        ; target cutting-edge communities
  22; Youfeed      ; transition bricks-and-clicks markets
  23; Feedspan     ; reinvent robust ROI
  24; Mita         ; envisioneer best-of-breed schemas
  25; Yakidoo      ; orchestrate plug-and-play communities
  26; Meeveo       ; drive back-end technologies
  27; Dynava       ; leverage interactive content
  28; Bubblebox    ; drive vertical markets
  29; Vimbo        ; generate granular deliverables
  30; Oyoba        ; orchestrate plug-and-play initiatives
  31; Skynoodle    ; streamline one-to-one models
  32; Skyba        ; maximize B2B web services
  33; Skimia       ; recontextualize end-to-end niches
  34; Tagpad       ; leverage one-to-one methodologies
  35; Aibox        ; orchestrate virtual technologies
  36; Nlounge      ; extend leading-edge niches
  37; Meejo        ; productize 24/365 methodologies
  38; Buzzbean     ; disintermediate impactful mindshare
  39; Quamba       ; brand cross-media schemas
  40; Trunyx       ; morph robust channels
  41; Voolia       ; productize transparent portals
  42; Npath        ; exploit turn-key networks
  43; Topiclounge  ; integrate 24/365 systems
  44; Zoombox      ; repurpose turn-key communities
  45; Leexo        ; engage dot-com synergies
  46; Rhyzio       ; synergize robust bandwidth
  47; Innojam      ; reintermediate ubiquitous supply-chains
  48; Fivechat     ; target rich systems
  49; Ozu          ; cultivate granular web-readiness
  50; Quatz        ; scale next-generation eyeballs
  51; Myworks      ; morph mission-critical infomediaries
  52; Oyope        ; implement interactive partnerships
  53; Wordware     ; iterate granular functionalities
  54; Bubblebox    ; generate open-source e-markets
  55; Quimba       ; implement value-added paradigms
  56; Chatterbridge; optimize web-enabled eyeballs
  57; Plajo        ; recontextualize killer technologies
  58; Flipbug      ; enable strategic methodologies
  59; Shuffletag   ; transition visionary action-items
  60; Buzzster     ; aggregate robust web-readiness
  61; Flashspan    ; redefine value-added eyeballs
  62; Thoughtstorm ; extend value-added web-readiness
  63; Rhyzio       ; e-enable bricks-and-clicks niches
  64; Vimbo        ; extend strategic action-items
  65; Bubbletube   ; evolve holistic infomediaries
  66; Livetube     ; mesh intuitive ROI
  67; Photobug     ; transition dot-com relationships
  68; Lajo         ; mesh granular e-services
  69; Skipstorm    ; visualize bleeding-edge action-items
  70; Kazu         ; monetize 24/365 partnerships
  71; Skibox       ; cultivate out-of-the-box vortals
  72; Twimm        ; innovate revolutionary e-markets
  73; Topicware    ; exploit bricks-and-clicks infrastructures
  74; Vidoo        ; seize robust web services
  75; Skivee       ; transition proactive metrics
  76; Trudoo       ; leverage value-added deliverables
  77; Wikivu       ; grow web-enabled interfaces
  78; Skinder      ; monetize bleeding-edge deliverables
  79; Voonder      ; incubate strategic applications
  80; Jabbersphere ; matrix e-business methodologies
  81; Meezzy       ; aggregate customized functionalities
  82; Tanoodle     ; embrace robust schemas
  83; Gevee        ; empower intuitive initiatives
  84; Buzzbean     ; visualize best-of-breed interfaces
  85; Youopia      ; orchestrate bleeding-edge eyeballs
  86; Yodo         ; incubate frictionless e-commerce
  87; Wikivu       ; engage killer web services
  88; Topiczoom    ; iterate e-business portals
  89; Skipfire     ; innovate bleeding-edge deliverables
  90; Aivee        ; redefine turn-key ROI
  91; Flashdog     ; morph collaborative vortals
  92; Eamia        ; engage robust infomediaries
  93; Vipe         ; drive customized methodologies
  94; Browseblab   ; innovate global e-markets
  95; Tagtune      ; iterate transparent synergies
  96; Topicblab    ; synergize B2C portals
  97; Zoomlounge   ; architect end-to-end systems
  98; Zooxo        ; syndicate extensible e-tailers
  99; Photofeed    ; expedite viral systems
 100; Voolith      ; generate 24/7 paradigms
 101; Jamia        ; benchmark rich paradigms
 102; Vipe         ; utilize holistic vortals
 103; Meevee       ; transition back-end web-readiness
 104; Thoughtbridge; maximize rich solutions
 105; Tagchat      ; seize strategic e-markets
 106; Skimia       ; innovate bricks-and-clicks web-readiness
 107; Roombo       ; deliver cross-platform networks
 108; Oyope        ; aggregate turn-key convergence
 109; Jamia        ; mesh proactive ROI
 110; Browseblab   ; transition B2B users
 111; Wordify      ; seize sticky schemas
 112; Twinder      ; aggregate real-time metrics
 113; Plambee      ; productize efficient metrics
 114; Fivespan     ; target one-to-one communities
 115; Devcast      ; benchmark 24/365 platforms
 116; Lajo         ; seize web-enabled portals
 117; Talane       ; aggregate revolutionary mindshare
 118; Skyba        ; whiteboard granular schemas
 119; Yozio        ; incubate cutting-edge e-business
 120; Tagpad       ; drive revolutionary communities
 121; Mynte        ; benchmark revolutionary platforms
 122; Eadel        ; enable value-added partnerships
 123; Skipfire     ; strategize strategic content
 124; Quaxo        ; harness dot-com vortals
 125; Innotype     ; visualize holistic e-business
 126; Vimbo        ; scale clicks-and-mortar communities
 127; Tagcat       ; integrate proactive partnerships
 128; Dynazzy      ; mesh sexy e-commerce
 129; Photofeed    ; exploit cross-platform web services
 130; Tambee       ; brand strategic action-items
 131; Quire        ; generate frictionless action-items
 132; Thoughtmix   ; drive intuitive relationships
 133; Dabtype      ; expedite enterprise technologies
 134; Tambee       ; syndicate plug-and-play niches
 135; Voomm        ; leverage holistic functionalities
 136; Quinu        ; innovate efficient experiences
 137; Riffpedia    ; e-enable efficient portals
 138; Thoughtstorm ; synthesize magnetic e-commerce
 139; Jabbertype   ; empower 24/7 communities
 140; Devshare     ; engineer one-to-one channels
 141; Jaxworks     ; e-enable best-of-breed initiatives
 142; Mydo         ; extend world-class mindshare
 143; Kwimbee      ; integrate bleeding-edge paradigms
 144; Jabberbean   ; monetize front-end eyeballs
 145; Meevee       ; strategize revolutionary web-readiness
 146; Plambee      ; transition next-generation networks
 147; Edgepulse    ; utilize e-business paradigms
 148; Voonyx       ; architect cutting-edge architectures
 149; Yotz         ; visualize one-to-one niches
 150; Kazu         ; e-enable viral channels
 151; Avaveo       ; brand back-end e-markets
 152; Zoomcast     ; whiteboard front-end mindshare
 153; Tagtune      ; strategize robust relationships
 154; Linkbridge   ; extend back-end relationships
 155; Babbleblab   ; harness real-time eyeballs
 156; Kare         ; expedite open-source web services
 157; Jazzy        ; productize holistic web services
 158; Realbridge   ; scale revolutionary niches
 159; Twimbo       ; synthesize killer initiatives
 160; Wikivu       ; incentivize bleeding-edge models
 161; Feedfish     ; engage interactive users
 162; Twinder      ; productize scalable paradigms
 163; Realcube     ; incubate customized e-commerce
 164; Edgeclub     ; engage efficient bandwidth
 165; Yabox        ; leverage world-class e-tailers
 166; Linkbuzz     ; embrace front-end communities
 167; Devshare     ; strategize collaborative metrics
 168; Skyble       ; enable leading-edge communities
 169; Flashpoint   ; strategize robust convergence
 170; Skynoodle    ; scale rich experiences
 171; Gevee        ; evolve compelling channels
 172; Youbridge    ; optimize turn-key infrastructures
 173; Flashdog     ; expedite leading-edge methodologies
 174; Roodel       ; deliver rich mindshare
 175; Kare         ; generate 24/365 technologies
 176; Twimm        ; aggregate rich bandwidth
 177; Oyoba        ; orchestrate robust schemas
 178; Tekfly       ; target plug-and-play applications
 179; Browsetype   ; innovate turn-key markets
 180; Topiczoom    ; utilize e-business mindshare
 181; Izio         ; enable world-class schemas
 182; Flashset     ; matrix efficient deliverables
 183; Livetube     ; orchestrate vertical eyeballs
 184; Gigashots    ; disintermediate synergistic experiences
 185; Zooveo       ; extend frictionless communities
 186; Kanoodle     ; drive enterprise partnerships
 187; Gabtune      ; orchestrate e-business systems
 188; Aivee        ; deploy e-business infomediaries
 189; Thoughtsphere; syndicate B2B eyeballs
 190; Flipstorm    ; reinvent bricks-and-clicks users
 191; Kimia        ; unleash extensible vortals
 192; Thoughtbeat  ; streamline collaborative convergence
 193; Skaboo       ; embrace ubiquitous channels
 194; Vipe         ; target impactful e-services
 195; Jazzy        ; incentivize out-of-the-box systems
 196; Jayo         ; productize 24/7 interfaces
 197; Browsebug    ; evolve transparent relationships
 198; Centimia     ; harness sticky e-tailers
 199; Jetpulse     ; syndicate frictionless bandwidth
 200; Podcat       ; implement value-added metrics
 201; Yombu        ; cultivate dot-com solutions
 202; Skipstorm    ; engage mission-critical experiences
 203; Shuffledrive ; aggregate visionary web services
 204; Shufflebeat  ; generate granular systems
 205; Kimia        ; reintermediate compelling users
 206; Aivee        ; scale virtual e-commerce
 207; Realblab     ; leverage best-of-breed eyeballs
 208; Einti        ; aggregate proactive infomediaries
 209; Youtags      ; mesh innovative ROI
 210; Mydo         ; enhance transparent experiences
 211; Flashspan    ; revolutionize global models
 212; Babbleset    ; embrace strategic portals
 213; Vinte        ; innovate user-centric niches
 214; Jetpulse     ; e-enable cutting-edge solutions
 215; Babblestorm  ; brand value-added partnerships
 216; Gigaclub     ; brand front-end schemas
 217; Photobug     ; productize compelling initiatives
 218; Kamba        ; seize web-enabled e-business
 219; Linkbridge   ; whiteboard mission-critical paradigms
 220; Wikibox      ; reintermediate interactive infomediaries
 221; Zoomdog      ; scale mission-critical methodologies
 222; Quire        ; synergize intuitive interfaces
 223; Skinder      ; exploit plug-and-play portals
 224; Demimbu      ; optimize strategic schemas
 225; Quatz        ; e-enable synergistic experiences
 226; Voonder      ; empower plug-and-play ROI
 227; Realblab     ; exploit seamless platforms
 228; Babbleset    ; embrace distributed partnerships
 229; Pixope       ; reintermediate transparent infomediaries
 230; Ntag         ; deliver plug-and-play technologies
 231; Linktype     ; grow best-of-breed web-readiness
 232; Tazzy        ; deploy proactive infomediaries
 233; Skipfire     ; drive holistic niches
 234; Dabtype      ; monetize frictionless partnerships
 235; Geba         ; aggregate cutting-edge solutions
 236; Wordware     ; transition magnetic web-readiness
 237; Jazzy        ; innovate distributed deliverables
 238; Yoveo        ; incubate 24/365 mindshare
 239; Flashset     ; grow turn-key interfaces
 240; Camido       ; syndicate granular channels
 241; Meezzy       ; expedite value-added mindshare
 242; Blogtag      ; incentivize distributed applications
 243; Realfire     ; deliver web-enabled deliverables
 244; Roombo       ; enhance collaborative eyeballs
 245; Quinu        ; optimize next-generation web-readiness
 246; Gevee        ; repurpose transparent experiences
 247; Jetpulse     ; integrate bricks-and-clicks infrastructures
 248; Yakitri      ; extend enterprise ROI
 249; Quatz        ; target value-added solutions
 250; Wikivu       ; syndicate one-to-one communities
 251; Voonder      ; redefine distributed channels
 252; Flipbug      ; monetize seamless synergies
 253; Buzzbean     ; morph magnetic supply-chains
 254; Myworks      ; whiteboard mission-critical markets
 255; Thoughtbeat  ; repurpose 24/365 functionalities
 256; Meembee      ; generate plug-and-play web-readiness
 257; Youopia      ; redefine open-source e-services
 258; Trupe        ; reinvent cross-platform markets
 259; Yodel        ; grow seamless functionalities
 260; Yata         ; deploy seamless convergence
 261; Trudoo       ; transition enterprise portals
 262; Fivebridge   ; expedite integrated deliverables
 263; Jaxworks     ; productize impactful channels
 264; Skynoodle    ; engineer open-source action-items
 265; Buzzbean     ; iterate interactive e-markets
 266; Skimia       ; implement seamless experiences
 267; Fanoodle     ; productize user-centric methodologies
 268; DabZ         ; mesh viral methodologies
 269; Shufflester  ; synthesize back-end networks
 270; Quimba       ; exploit viral methodologies
 271; Pixope       ; innovate granular supply-chains
 272; Twimm        ; benchmark collaborative niches
 273; Roodel       ; extend efficient functionalities
 274; Browsedrive  ; visualize scalable communities
 275; Gigashots    ; expedite global communities
 276; Tavu         ; matrix compelling mindshare
 277; Yakijo       ; mesh 24/7 architectures
 278; Katz         ; seize best-of-breed mindshare
 279; Brainverse   ; visualize vertical partnerships
 280; Skynoodle    ; deliver robust markets
 281; Voonte       ; maximize next-generation technologies
 282; Linktype     ; leverage bleeding-edge supply-chains
 283; Tagfeed      ; utilize magnetic content
 284; Izio         ; optimize user-centric ROI
 285; Latz         ; innovate dynamic niches
 286; Divanoodle   ; innovate next-generation partnerships
 287; Skyndu       ; implement granular metrics
 288; Divanoodle   ; streamline holistic supply-chains
 289; Cogibox      ; innovate global schemas
 290; Skippad      ; recontextualize distributed web-readiness
 291; Agimba       ; engage intuitive web-readiness
 292; Janyx        ; recontextualize collaborative e-services
 293; Meevee       ; architect mission-critical infomediaries
 294; Digitube     ; reintermediate bleeding-edge platforms
 295; Tazz         ; orchestrate global bandwidth
 296; Shuffletag   ; whiteboard virtual methodologies
 297; Quire        ; engineer dynamic synergies
 298; Ooba         ; seize bleeding-edge platforms
 299; Tagcat       ; innovate integrated e-commerce
 300; Kanoodle     ; utilize proactive markets
 301; Skajo        ; implement plug-and-play web-readiness
 302; Yodo         ; empower strategic eyeballs
 303; Devify       ; utilize e-business experiences
 304; Shufflester  ; evolve B2B e-markets
 305; Reallinks    ; whiteboard best-of-breed schemas
 306; Vitz         ; drive sexy channels
 307; Fivebridge   ; target seamless e-commerce
 308; Brightbean   ; mesh ubiquitous networks
 309; Voomm        ; disintermediate integrated markets
 310; Vinte        ; engineer 24/7 ROI
 311; Dablist      ; monetize enterprise infomediaries
 312; Twitterwire  ; deliver world-class models
 313; Rhycero      ; target cross-media methodologies
 314; Zoovu        ; enable customized methodologies
 315; Thoughtstorm ; expedite end-to-end interfaces
 316; Riffpath     ; enable cutting-edge communities
 317; Oba          ; extend killer architectures
 318; Rhyloo       ; transform interactive e-business
 319; Centidel     ; exploit cutting-edge solutions
 320; Brainsphere  ; utilize wireless channels
 321; Trudeo       ; monetize scalable functionalities
 322; Yacero       ; innovate intuitive mindshare
 323; Mymm         ; exploit B2C deliverables
 324; Rhyloo       ; recontextualize efficient web-readiness
 325; Skidoo       ; whiteboard turn-key supply-chains
 326; Twitterworks ; implement holistic portals
 327; Dabvine      ; orchestrate global e-commerce
 328; Innojam      ; reinvent out-of-the-box niches
 329; Zoomzone     ; utilize turn-key e-services
 330; Pixonyx      ; benchmark innovative networks
 331; Tazzy        ; enhance sticky deliverables
 332; Kimia        ; target killer action-items
 333; Zoomzone     ; whiteboard e-business experiences
 334; Photolist    ; drive bricks-and-clicks e-markets
 335; Meeveo       ; e-enable visionary eyeballs
 336; Browsetype   ; reintermediate virtual e-business
 337; Flashset     ; extend cutting-edge initiatives
 338; Vipe         ; empower revolutionary e-tailers
 339; Topicstorm   ; architect open-source solutions
 340; Tazz         ; cultivate scalable vortals
 341; Blogspan     ; empower 24/365 networks
 342; Mudo         ; engage ubiquitous functionalities
 343; Jaxworks     ; exploit customized vortals
 344; Skaboo       ; implement bleeding-edge partnerships
 345; Lazzy        ; syndicate real-time deliverables
 346; Edgeblab     ; benchmark virtual e-services
 347; Aimbu        ; benchmark viral networks
 348; Kazio        ; facilitate user-centric eyeballs
 349; Oyoloo       ; empower real-time e-markets
 350; Realbridge   ; optimize user-centric metrics
 351; Quire        ; enable customized e-services
 352; Pixoboo      ; mesh leading-edge eyeballs
 353; Fadeo        ; facilitate ubiquitous initiatives
 354; Thoughtbridge; productize leading-edge convergence
 355; Babbleblab   ; expedite global web services
 356; Jaxbean      ; evolve rich vortals
 357; Katz         ; e-enable magnetic architectures
 358; Vidoo        ; utilize enterprise technologies
 359; Mydeo        ; scale ubiquitous applications
 360; Feednation   ; matrix back-end e-markets
 361; Kamba        ; implement out-of-the-box markets
 362; Yoveo        ; strategize vertical initiatives
 363; Jabbersphere ; deliver wireless bandwidth
 364; Browsecat    ; generate front-end interfaces
 365; Wikibox      ; aggregate rich e-services
 366; Flipbug      ; maximize customized e-business
 367; Yakitri      ; recontextualize compelling e-business
 368; Meejo        ; unleash customized users
 369; Centizu      ; exploit holistic initiatives
 370; Twitterlist  ; deliver strategic synergies
 371; Jayo         ; incubate compelling synergies
 372; Devbug       ; brand sticky systems
 373; Pixonyx      ; e-enable distributed technologies
 374; Yozio        ; revolutionize end-to-end infrastructures
 375; Miboo        ; reintermediate back-end architectures
 376; Twiyo        ; integrate vertical channels
 377; Zoonoodle    ; disintermediate magnetic platforms
 378; Dabfeed      ; repurpose scalable e-commerce
 379; Divanoodle   ; leverage real-time infomediaries
 380; Avaveo       ; drive end-to-end web-readiness
 381; Dynabox      ; morph e-business synergies
 382; Yadel        ; unleash sexy models
 383; Kazio        ; benchmark ubiquitous relationships
 384; Brainsphere  ; implement virtual e-commerce
 385; Plambee      ; reinvent bricks-and-clicks relationships
 386; Zoonoodle    ; deliver 24/7 metrics
 387; Yata         ; harness mission-critical infomediaries
 388; Gabcube      ; reinvent proactive platforms
 389; Meembee      ; utilize synergistic markets
 390; Yabox        ; deploy integrated e-services
 391; Eidel        ; utilize mission-critical relationships
 392; Realcube     ; reinvent web-enabled experiences
 393; Rhynoodle    ; seize viral ROI
 394; Flipstorm    ; monetize cutting-edge web-readiness
 395; Dabtype      ; enable value-added vortals
 396; Jaxnation    ; drive seamless infrastructures
 397; Yombu        ; envisioneer 24/7 infrastructures
 398; Quire        ; exploit revolutionary experiences
 399; Shuffletag   ; maximize cutting-edge e-services
 400; Npath        ; reinvent visionary convergence
 401; Tagcat       ; deploy cutting-edge mindshare
 402; Fatz         ; empower 24/7 experiences
 403; Gevee        ; enhance granular e-services
 404; Jabbersphere ; disintermediate value-added functionalities
 405; Edgeblab     ; benchmark scalable bandwidth
 406; Yotz         ; seize interactive channels
 407; Muxo         ; synergize innovative ROI
 408; Photobean    ; generate cutting-edge web services
 409; Linkbridge   ; synergize clicks-and-mortar relationships
 410; Plajo        ; matrix enterprise communities
 411; Quaxo        ; seize B2C web services
 412; Aimbo        ; implement bricks-and-clicks architectures
 413; Wikibox      ; syndicate robust e-tailers
 414; Buzzshare    ; scale compelling supply-chains
 415; Trudoo       ; matrix one-to-one applications
 416; Jaxworks     ; maximize vertical e-tailers
 417; Roodel       ; cultivate e-business models
 418; Mudo         ; implement out-of-the-box mindshare
 419; Vinder       ; repurpose cross-media e-commerce
 420; Gabtype      ; implement dot-com paradigms
 421; Jetwire      ; revolutionize strategic eyeballs
 422; Photobug     ; extend back-end web-readiness
 423; Voonix       ; expedite efficient synergies
 424; Riffpedia    ; integrate efficient technologies
 425; Meejo        ; transition sexy paradigms
 426; Realbridge   ; reintermediate collaborative markets
 427; Demimbu      ; drive B2C paradigms
 428; Youspan      ; expedite web-enabled web services
 429; Twimm        ; scale user-centric schemas
 430; Mymm         ; scale user-centric technologies
 431; Dynabox      ; monetize open-source solutions
 432; Gabvine      ; e-enable cross-platform eyeballs
 433; Oodoo        ; maximize granular networks
 434; Gigabox      ; unleash ubiquitous methodologies
 435; Oloo         ; enhance back-end action-items
 436; Wordtune     ; e-enable granular e-markets
 437; Thoughtworks ; optimize leading-edge relationships
 438; Fiveclub     ; iterate virtual metrics
 439; Jazzy        ; enhance rich methodologies
 440; Fivechat     ; innovate global models
 441; Kazio        ; optimize compelling methodologies
 442; Browsedrive  ; expedite sticky interfaces
 443; Dabshots     ; engineer clicks-and-mortar technologies
 444; Oodoo        ; maximize mission-critical e-markets
 445; Kwideo       ; mesh turn-key supply-chains
 446; Tagpad       ; disintermediate wireless paradigms
 447; Browsezoom   ; maximize compelling infrastructures
 448; Oozz         ; synergize value-added action-items
 449; Dabjam       ; reinvent sticky functionalities
 450; Brainlounge  ; recontextualize sexy supply-chains
 451; Topiclounge  ; empower B2B methodologies
 452; Skinte       ; expedite robust convergence
 453; Yabox        ; synthesize user-centric initiatives
 454; Jaxnation    ; redefine granular content
 455; Voomm        ; orchestrate web-enabled networks
 456; Quinu        ; morph enterprise networks
 457; Kamba        ; innovate enterprise technologies
 458; Bubblebox    ; whiteboard 24/7 platforms
 459; Photolist    ; orchestrate bleeding-edge ROI
 460; Roodel       ; facilitate 24/365 functionalities
 461; Izio         ; enable interactive synergies
 462; Skyble       ; disintermediate out-of-the-box applications
 463; Innojam      ; optimize killer eyeballs
 464; Yodoo        ; transform rich partnerships
 465; Buzzbean     ; expedite rich vortals
 466; Eayo         ; productize B2C synergies
 467; Jetwire      ; matrix next-generation methodologies
 468; Meedoo       ; deliver collaborative relationships
 469; Topicstorm   ; drive clicks-and-mortar synergies
 470; Snaptags     ; seize distributed interfaces
 471; Roodel       ; architect clicks-and-mortar initiatives
 472; Babbleopia   ; implement vertical action-items
 473; Mycat        ; benchmark intuitive systems
 474; Topicstorm   ; revolutionize frictionless metrics
 475; Browsecat    ; empower value-added methodologies
 476; Zooxo        ; streamline best-of-breed synergies
 477; Shufflebeat  ; mesh front-end portals
 478; Aivee        ; enable revolutionary markets
 479; Youtags      ; seize proactive deliverables
 480; Zava         ; envisioneer dynamic interfaces
 481; Flashpoint   ; embrace cross-platform niches
 482; Demivee      ; matrix vertical action-items
 483; Wordify      ; implement ubiquitous deliverables
 484; Jaxnation    ; unleash holistic platforms
 485; Jaxbean      ; mesh magnetic channels
 486; Flashset     ; drive ubiquitous architectures
 487; Avaveo       ; architect vertical applications
 488; Trudoo       ; implement revolutionary deliverables
 489; Skipstorm    ; implement cross-platform solutions
 490; Flipopia     ; integrate compelling solutions
 491; Meemm        ; streamline sticky communities
 492; Tagopia      ; integrate cutting-edge partnerships
 493; Skinix       ; disintermediate next-generation platforms
 494; Layo         ; syndicate rich functionalities
 495; Twinte       ; target enterprise e-commerce
 496; Feedspan     ; synthesize plug-and-play niches
 497; Ozu          ; implement magnetic initiatives
 498; Devify       ; transform killer relationships
 499; Babbleopia   ; envisioneer B2C action-items
 500; Quatz        ; architect back-end infomediaries
 501; Jabbertype   ; optimize e-business portals
 502; Skyvu        ; aggregate B2B mindshare
 503; Dynabox      ; engage web-enabled e-services
 504; Skimia       ; reintermediate out-of-the-box synergies
 505; Mudo         ; utilize granular eyeballs
 506; Meejo        ; engage dot-com applications
 507; Blogtag      ; generate proactive users
 508; Bluejam      ; utilize distributed web services
 509; Skyvu        ; scale real-time e-business
 510; Twitterbridge; streamline cross-media platforms
 511; Livetube     ; target ubiquitous models
 512; Photolist    ; synthesize vertical action-items
 513; Chatterpoint ; revolutionize value-added models
 514; Layo         ; cultivate proactive schemas
 515; Browsecat    ; unleash visionary systems
 516; Yakitri      ; reintermediate integrated infomediaries
 517; Twitterlist  ; engineer end-to-end initiatives
 518; Aivee        ; morph granular infomediaries
 519; Topicware    ; syndicate integrated platforms
 520; Topdrive     ; matrix cross-media experiences
 521; Thoughtmix   ; synergize customized interfaces
 522; Skidoo       ; grow rich solutions
 523; Aimbo        ; incubate one-to-one metrics
 524; Browsezoom   ; deliver B2C mindshare
 525; DabZ         ; deploy granular e-markets
 526; Flipbug      ; maximize compelling convergence
 527; Quatz        ; enhance seamless content
 528; Dabjam       ; monetize out-of-the-box markets
 529; Agivu        ; unleash rich models
 530; Reallinks    ; maximize leading-edge e-tailers
 531; Mydo         ; generate impactful networks
 532; Tagchat      ; transform collaborative channels
 533; Meedoo       ; benchmark sticky convergence
 534; Demimbu      ; scale enterprise metrics
 535; Photolist    ; deliver distributed convergence
 536; Skaboo       ; utilize holistic content
 537; Linkbridge   ; leverage wireless systems
 538; Aimbu        ; evolve 24/7 schemas
 539; Jaxworks     ; repurpose next-generation vortals
 540; Tagfeed      ; engineer proactive technologies
 541; Katz         ; iterate collaborative e-tailers
 542; Livefish     ; target bricks-and-clicks paradigms
 543; Twinder      ; aggregate plug-and-play experiences
 544; Jayo         ; reinvent ubiquitous methodologies
 545; Blogpad      ; aggregate B2C applications
 546; Kimia        ; exploit clicks-and-mortar metrics
 547; Pixope       ; benchmark interactive ROI
 548; Jetpulse     ; deliver wireless deliverables
 549; Yakitri      ; transition sticky web services
 550; Feedbug      ; embrace 24/365 channels
 551; Mudo         ; brand innovative technologies
 552; Twimbo       ; innovate wireless convergence
 553; Leexo        ; whiteboard world-class models
 554; Kazio        ; incubate turn-key eyeballs
 555; Voomm        ; recontextualize user-centric e-business
 556; Voonyx       ; disintermediate efficient models
 557; Gigazoom     ; embrace revolutionary interfaces
 558; Quimm        ; facilitate web-enabled interfaces
 559; Riffpedia    ; synergize back-end web-readiness
 560; Camido       ; cultivate scalable initiatives
 561; DabZ         ; deploy end-to-end relationships
 562; Jetwire      ; innovate mission-critical e-business
 563; Zoomcast     ; extend global applications
 564; Shufflebeat  ; disintermediate cross-media initiatives
 565; Voonder      ; integrate strategic relationships
 566; Quatz        ; embrace impactful niches
 567; Izio         ; grow sexy infomediaries
 568; Centidel     ; exploit bricks-and-clicks relationships
 569; Meezzy       ; repurpose global eyeballs
 570; Fivechat     ; synthesize e-business technologies
 571; Bubblebox    ; morph user-centric experiences
 572; Izio         ; cultivate distributed action-items
 573; Edgepulse    ; integrate scalable e-markets
 574; Browsebug    ; redefine cross-platform e-services
 575; Ntag         ; redefine distributed supply-chains
 576; Oozz         ; redefine viral web services
 577; Linklinks    ; empower scalable channels
 578; Agivu        ; unleash visionary networks
 579; Buzzshare    ; engage turn-key relationships
 580; Buzzbean     ; unleash leading-edge mindshare
 581; Geba         ; seize granular users
 582; Thoughtstorm ; grow compelling supply-chains
 583; Midel        ; scale viral networks
 584; Dabtype      ; optimize revolutionary relationships
 585; Livefish     ; engineer plug-and-play vortals
 586; Aibox        ; redefine end-to-end niches
 587; Youopia      ; mesh dynamic networks
 588; Camido       ; reinvent collaborative niches
 589; Skibox       ; facilitate dot-com schemas
 590; Zava         ; streamline synergistic infrastructures
 591; Dynazzy      ; target end-to-end interfaces
 592; Demivee      ; aggregate user-centric markets
 593; Flashdog     ; architect wireless markets
 594; Twinte       ; streamline dynamic e-markets
 595; Jetwire      ; facilitate leading-edge action-items
 596; Dynabox      ; e-enable visionary deliverables
 597; Twimbo       ; mesh back-end convergence
 598; Flashspan    ; harness rich experiences
 599; Gabtune      ; productize synergistic initiatives
 600; Demivee      ; recontextualize compelling synergies
 601; Zoomcast     ; expedite real-time models
 602; Oyondu       ; syndicate back-end e-tailers
 603; Trudeo       ; benchmark magnetic interfaces
 604; Dabtype      ; mesh interactive communities
 605; Centizu      ; streamline one-to-one applications
 606; Riffwire     ; harness interactive e-business
 607; Gabvine      ; leverage granular deliverables
 608; Zoombeat     ; optimize global e-markets
 609; Dynabox      ; reinvent collaborative functionalities
 610; Jatri        ; embrace 24/7 networks
 611; Blogspan     ; expedite integrated bandwidth
 612; Jazzy        ; repurpose best-of-breed bandwidth
 613; Browseblab   ; scale extensible action-items
 614; Fiveclub     ; innovate dot-com infrastructures
 615; Photolist    ; revolutionize B2B functionalities
 616; Feedspan     ; strategize holistic bandwidth
 617; Divanoodle   ; empower open-source users
 618; Roodel       ; generate clicks-and-mortar initiatives
 619; Dabjam       ; synergize enterprise action-items
 620; Zoonoodle    ; innovate visionary mindshare
 621; Tekfly       ; productize interactive content
 622; Jabberstorm  ; target e-business markets
 623; Realpoint    ; engage sexy channels
 624; Realbridge   ; unleash plug-and-play ROI
 625; Dazzlesphere ; deliver enterprise communities
 626; Mynte        ; disintermediate killer infrastructures
 627; Yamia        ; iterate real-time interfaces
 628; Mynte        ; seize cross-media supply-chains
 629; Dabvine      ; morph plug-and-play web-readiness
 630; Skivee       ; seize open-source e-services
 631; Wordtune     ; leverage ubiquitous applications
 632; Skyndu       ; productize B2C markets
 633; Podcat       ; exploit integrated convergence
 634; Jayo         ; scale clicks-and-mortar users
 635; Talane       ; orchestrate user-centric deliverables
 636; Skinte       ; synergize 24/7 markets
 637; Browsedrive  ; repurpose web-enabled models
 638; Ozu          ; incentivize bricks-and-clicks e-business
 639; Kimia        ; exploit killer bandwidth
 640; Mydo         ; deliver extensible models
 641; Fatz         ; enable value-added web services
 642; Buzzdog      ; optimize strategic channels
 643; Janyx        ; recontextualize dot-com e-markets
 644; Linktype     ; exploit front-end metrics
 645; Skinder      ; engage extensible paradigms
 646; Thoughtstorm ; transform dynamic solutions
 647; Plambee      ; visualize clicks-and-mortar networks
 648; Twinte       ; embrace 24/7 initiatives
 649; Myworks      ; reintermediate granular applications
 650; Gigazoom     ; target value-added experiences
 651; Twinte       ; incentivize open-source schemas
 652; Realfire     ; transform viral vortals
 653; Buzzshare    ; benchmark compelling solutions
 654; Gabtune      ; drive transparent functionalities
 655; Jamia        ; optimize compelling infrastructures
 656; Skiptube     ; repurpose holistic models
 657; Demivee      ; generate next-generation eyeballs
 658; Ntag         ; deploy visionary experiences
 659; Babblestorm  ; embrace granular action-items
 660; Devcast      ; empower front-end technologies
 661; Eimbee       ; facilitate strategic bandwidth
 662; Skibox       ; synthesize killer e-services
 663; Oodoo        ; drive holistic relationships
 664; Trilith      ; synthesize strategic solutions
 665; Wikizz       ; monetize magnetic partnerships
 666; Trilia       ; reinvent mission-critical supply-chains
 667; Demivee      ; generate magnetic bandwidth
 668; Thoughtmix   ; embrace wireless technologies
 669; Topicshots   ; matrix robust ROI
 670; Yambee       ; synergize collaborative synergies
 671; Skinix       ; seize distributed solutions
 672; Divape       ; optimize back-end vortals
 673; Realfire     ; implement holistic supply-chains
 674; Devpulse     ; maximize 24/7 bandwidth
 675; Flashpoint   ; recontextualize strategic vortals
 676; Jaloo        ; enable scalable synergies
 677; Cogilith     ; reinvent rich metrics
 678; Meevee       ; redefine front-end ROI
 679; Realbridge   ; synergize seamless mindshare
 680; Meetz        ; reintermediate leading-edge schemas
 681; Innotype     ; target end-to-end infrastructures
 682; Yotz         ; transform next-generation interfaces
 683; Fivespan     ; envisioneer virtual infrastructures
 684; Kwinu        ; synthesize vertical niches
 685; Ainyx        ; enable holistic solutions
 686; Quatz        ; strategize synergistic mindshare
 687; Flashdog     ; productize turn-key deliverables
 688; Twimbo       ; empower bricks-and-clicks action-items
 689; Mynte        ; expedite granular convergence
 690; Dynava       ; embrace sticky ROI
 691; Pixonyx      ; implement innovative e-commerce
 692; Realbuzz     ; extend collaborative systems
 693; Yakitri      ; whiteboard magnetic ROI
 694; Pixoboo      ; incubate open-source e-services
 695; Mybuzz       ; seize turn-key bandwidth
 696; Yata         ; monetize next-generation content
 697; Gigashots    ; repurpose killer portals
 698; Wordpedia    ; strategize integrated channels
 699; Ozu          ; grow impactful infomediaries
 700; Bubbletube   ; e-enable value-added niches
 701; Lazzy        ; redefine killer functionalities
 702; Edgeclub     ; synthesize magnetic functionalities
 703; Wordware     ; optimize enterprise markets
 704; Flipstorm    ; envisioneer user-centric vortals
 705; Twitterwire  ; architect turn-key portals
 706; Realfire     ; engage bricks-and-clicks convergence
 707; Tagcat       ; enhance rich vortals
 708; Centimia     ; target strategic platforms
 709; Nlounge      ; revolutionize efficient bandwidth
 710; Feedmix      ; implement visionary portals
 711; Flipopia     ; syndicate visionary content
 712; Divape       ; architect wireless synergies
 713; Vinder       ; matrix open-source models
 714; Voonix       ; strategize proactive mindshare
 715; Feedfire     ; facilitate impactful relationships
 716; Eidel        ; cultivate interactive portals
 717; Bubblemix    ; disintermediate world-class users
 718; Avavee       ; architect turn-key synergies
 719; Viva         ; recontextualize one-to-one architectures
 720; Bluezoom     ; strategize clicks-and-mortar partnerships
 721; Tagpad       ; synergize cutting-edge models
 722; Skaboo       ; scale robust convergence
 723; Jabberstorm  ; incubate out-of-the-box relationships
 724; Gigashots    ; aggregate open-source e-commerce
 725; Skimia       ; whiteboard world-class technologies
 726; Yadel        ; cultivate value-added infomediaries
 727; Oyondu       ; revolutionize transparent markets
 728; Shuffletag   ; synergize sexy markets
 729; Trudoo       ; matrix killer markets
 730; Omba         ; streamline robust methodologies
 731; Jabbertype   ; evolve efficient vortals
 732; Flashdog     ; facilitate interactive methodologies
 733; Trupe        ; brand world-class bandwidth
 734; LiveZ        ; morph best-of-breed metrics
 735; Trudoo       ; orchestrate leading-edge synergies
 736; Yombu        ; syndicate plug-and-play vortals
 737; Browsetype   ; disintermediate virtual e-business
 738; Zoovu        ; reintermediate back-end paradigms
 739; Rhynoodle    ; innovate world-class mindshare
 740; Jayo         ; architect real-time eyeballs
 741; Innotype     ; synthesize granular models
 742; Leexo        ; expedite customized synergies
 743; Photojam     ; revolutionize bricks-and-clicks networks
 744; Jabbercube   ; strategize plug-and-play vortals
 745; Vinder       ; streamline front-end partnerships
 746; Tazzy        ; enable visionary interfaces
 747; Flashset     ; embrace real-time channels
 748; Tekfly       ; evolve viral applications
 749; Tazz         ; productize bricks-and-clicks initiatives
 750; Gabtune      ; transform frictionless technologies
 751; Aimbu        ; deliver distributed supply-chains
 752; LiveZ        ; generate robust functionalities
 753; Rhycero      ; revolutionize ubiquitous partnerships
 754; Zoombox      ; morph magnetic applications
 755; Mynte        ; e-enable out-of-the-box models
 756; Buzzdog      ; whiteboard magnetic web services
 757; Jaxnation    ; reintermediate rich infomediaries
 758; Eazzy        ; innovate front-end e-services
 759; Realfire     ; e-enable dot-com content
 760; Buzzdog      ; architect intuitive supply-chains
 761; Shuffledrive ; whiteboard best-of-breed e-business
 762; Zava         ; incentivize dot-com content
 763; Tagopia      ; recontextualize cutting-edge vortals
 764; Fanoodle     ; e-enable rich convergence
 765; Photobug     ; embrace impactful mindshare
 766; Gabvine      ; innovate dynamic architectures
 767; Twimm        ; redefine customized interfaces
 768; Zoomlounge   ; envisioneer leading-edge channels
 769; Kayveo       ; productize enterprise convergence
 770; Wikizz       ; strategize world-class architectures
 771; Trunyx       ; extend holistic mindshare
 772; Vinder       ; matrix clicks-and-mortar web-readiness
 773; Trupe        ; iterate rich platforms
 774; Livetube     ; morph sticky systems
 775; Rooxo        ; expedite out-of-the-box schemas
 776; Oyoba        ; iterate vertical schemas
 777; Twitterlist  ; seize visionary communities
 778; Tazz         ; productize vertical synergies
 779; Jaxspan      ; productize 24/7 platforms
 780; Topdrive     ; transform proactive convergence
 781; Skalith      ; e-enable value-added methodologies
 782; Topiczoom    ; exploit out-of-the-box bandwidth
 783; Yabox        ; productize 24/365 methodologies
 784; Tazzy        ; aggregate enterprise architectures
 785; Skimia       ; enable web-enabled channels
 786; Buzzshare    ; harness web-enabled architectures
 787; Divavu       ; orchestrate real-time e-markets
 788; DabZ         ; strategize bleeding-edge infomediaries
 789; Twitterwire  ; enhance B2C methodologies
 790; Edgepulse    ; grow back-end channels
 791; Plambee      ; transition distributed synergies
 792; Tavu         ; optimize innovative infrastructures
 793; Chatterbridge; syndicate virtual experiences
 794; Kwimbee      ; unleash robust solutions
 795; Kwinu        ; mesh e-business e-tailers
 796; Jatri        ; synthesize intuitive e-markets
 797; Midel        ; mesh visionary bandwidth
 798; Yabox        ; seize cross-media infrastructures
 799; Thoughtblab  ; syndicate wireless eyeballs
 800; Youspan      ; envisioneer front-end eyeballs
 801; Pixope       ; incentivize user-centric portals
 802; Kimia        ; maximize cross-media vortals
 803; Cogidoo      ; mesh back-end communities
 804; Twitterworks ; envisioneer mission-critical convergence
 805; Jamia        ; expedite user-centric systems
 806; Photobug     ; architect robust partnerships
 807; Podcat       ; brand bricks-and-clicks bandwidth
 808; Devpoint     ; strategize interactive e-commerce
 809; Devpulse     ; generate intuitive channels
 810; Edgewire     ; whiteboard clicks-and-mortar markets
 811; Ntag         ; deploy compelling e-commerce
 812; Wordpedia    ; drive collaborative systems
 813; Vidoo        ; engineer transparent e-commerce
 814; Izio         ; maximize enterprise methodologies
 815; Eimbee       ; benchmark wireless action-items
 816; Zoomlounge   ; mesh 24/365 channels
 817; Edgewire     ; syndicate back-end partnerships
 818; Dynazzy      ; grow B2C models
 819; Trudeo       ; mesh intuitive experiences
 820; InnoZ        ; syndicate open-source bandwidth
 821; Zooveo       ; generate B2B ROI
 822; Trudoo       ; utilize real-time users
 823; Fivebridge   ; deliver sexy users
 824; Innotype     ; syndicate distributed partnerships
 825; Realfire     ; exploit robust experiences
 826; Zoovu        ; revolutionize value-added supply-chains
 827; Twimm        ; e-enable vertical applications
 828; Wikizz       ; synergize killer e-commerce
 829; Rhynyx       ; innovate sticky applications
 830; Browsebug    ; drive distributed e-markets
 831; Thoughtstorm ; repurpose global infrastructures
 832; Quinu        ; strategize scalable content
 833; Jazzy        ; harness rich users
 834; Shufflester  ; streamline web-enabled web-readiness
 835; Oyoba        ; morph magnetic partnerships
 836; Fiveclub     ; strategize dot-com methodologies
 837; Youbridge    ; e-enable dynamic content
 838; Fanoodle     ; e-enable turn-key synergies
 839; Avamba       ; e-enable granular channels
 840; Tazz         ; scale innovative eyeballs
 841; Roomm        ; brand clicks-and-mortar systems
 842; Skinix       ; aggregate efficient ROI
 843; Jabbercube   ; engage e-business models
 844; Livetube     ; optimize scalable models
 845; Avamm        ; integrate granular interfaces
 846; Kazio        ; integrate customized e-markets
 847; Tekfly       ; generate visionary infomediaries
 848; Brainsphere  ; architect rich communities
 849; Twitterworks ; enable cutting-edge mindshare
 850; Avavee       ; aggregate best-of-breed deliverables
 851; Zoombeat     ; harness sticky channels
 852; Edgewire     ; deliver scalable experiences
 853; Yacero       ; optimize bleeding-edge web services
 854; Thoughtstorm ; target best-of-breed solutions
 855; Thoughtbridge; revolutionize enterprise paradigms
 856; Devcast      ; incentivize sticky e-services
 857; Reallinks    ; target enterprise bandwidth
 858; Skinte       ; morph innovative platforms
 859; Devify       ; envisioneer e-business initiatives
 860; Twitterbridge; enable out-of-the-box schemas
 861; Bubblebox    ; integrate magnetic convergence
 862; Mycat        ; enable dot-com convergence
 863; Skyndu       ; utilize strategic e-business
 864; Innojam      ; synthesize B2B networks
 865; Buzzshare    ; syndicate vertical markets
 866; Blogtags     ; engineer 24/365 bandwidth
 867; Voonte       ; engage granular supply-chains
 868; Yambee       ; grow collaborative mindshare
 869; Einti        ; disintermediate sticky e-business
 870; Babbleset    ; streamline compelling markets
 871; Thoughtbridge; matrix intuitive e-business
 872; Livetube     ; optimize dynamic deliverables
 873; Realblab     ; orchestrate leading-edge functionalities
 874; Devify       ; exploit turn-key synergies
 875; Tagpad       ; whiteboard intuitive schemas
 876; Shufflebeat  ; synthesize innovative niches
 877; Skivee       ; scale vertical communities
 878; Fivespan     ; embrace one-to-one e-tailers
 879; Oyondu       ; orchestrate collaborative supply-chains
 880; Flashpoint   ; disintermediate sexy e-business
 881; Quimm        ; integrate bleeding-edge initiatives
 882; Innotype     ; optimize enterprise e-commerce
 883; Feedfire     ; e-enable bleeding-edge solutions
 884; Abata        ; generate visionary users
 885; Tagcat       ; enable collaborative initiatives
 886; Centizu      ; incentivize cross-platform web services
 887; Digitube     ; synergize bricks-and-clicks action-items
 888; Kwinu        ; drive frictionless methodologies
 889; Katz         ; target world-class niches
 890; Zoombox      ; facilitate visionary convergence
 891; Talane       ; monetize plug-and-play e-commerce
 892; Wordtune     ; enhance proactive initiatives
 893; Eabox        ; streamline mission-critical initiatives
 894; Babbleset    ; grow real-time e-business
 895; Voonyx       ; strategize e-business content
 896; Yozio        ; repurpose transparent schemas
 897; Livefish     ; brand compelling methodologies
 898; Tanoodle     ; benchmark holistic markets
 899; Gabcube      ; disintermediate collaborative technologies
 900; Centimia     ; seize plug-and-play functionalities
 901; Edgepulse    ; innovate mission-critical infrastructures
 902; Riffpedia    ; expedite holistic deliverables
 903; Browseblab   ; syndicate web-enabled relationships
 904; Agimba       ; whiteboard 24/365 synergies
 905; JumpXS       ; streamline impactful web services
 906; Aibox        ; scale compelling interfaces
 907; Avaveo       ; harness value-added deliverables
 908; Jazzy        ; utilize distributed e-business
 909; Yacero       ; exploit cross-media web-readiness
 910; Dabtype      ; unleash global metrics
 911; Thoughtmix   ; implement innovative markets
 912; Quatz        ; redefine proactive supply-chains
 913; Rhyloo       ; drive sticky eyeballs
 914; Skaboo       ; facilitate 24/7 metrics
 915; Podcat       ; utilize intuitive systems
 916; Ozu          ; optimize transparent content
 917; Latz         ; exploit front-end e-services
 918; Kwilith      ; integrate 24/7 portals
 919; Meevee       ; monetize plug-and-play deliverables
 920; Devshare     ; embrace customized networks
 921; Devshare     ; productize magnetic markets
 922; Tazz         ; deliver B2B e-tailers
 923; Kwilith      ; innovate enterprise portals
 924; Trupe        ; engineer value-added solutions
 925; Pixope       ; reinvent rich web-readiness
 926; Skajo        ; seize leading-edge mindshare
 927; Dynabox      ; deliver efficient technologies
 928; Chatterpoint ; transform killer metrics
 929; Jabbersphere ; scale user-centric infomediaries
 930; Eabox        ; evolve bleeding-edge portals
 931; Babbleset    ; exploit robust platforms
 932; Yamia        ; incubate open-source architectures
 933; Jaxnation    ; empower enterprise solutions
 934; Yacero       ; target leading-edge eyeballs
 935; Photospace   ; expedite compelling methodologies
 936; Oyondu       ; seize bleeding-edge applications
 937; Pixope       ; whiteboard distributed applications
 938; Youtags      ; engineer user-centric content
 939; Youspan      ; transition value-added eyeballs
 940; Skajo        ; cultivate efficient vortals
 941; Skinte       ; harness transparent markets
 942; Zoomdog      ; brand out-of-the-box systems
 943; Browsedrive  ; mesh dynamic portals
 944; Browsebug    ; scale intuitive networks
 945; Flipstorm    ; engage back-end infomediaries
 946; Realbridge   ; synergize sexy supply-chains
 947; Yabox        ; incentivize magnetic paradigms
 948; Riffpath     ; recontextualize open-source channels
 949; Snaptags     ; cultivate seamless networks
 950; Yodo         ; target bricks-and-clicks applications
 951; Voonte       ; drive compelling e-commerce
 952; Bluejam      ; mesh back-end networks
 953; Oyoyo        ; reintermediate world-class initiatives
 954; Gigashots    ; brand sexy supply-chains
 955; Buzzster     ; benchmark proactive markets
 956; Skibox       ; target 24/365 users
 957; Feednation   ; maximize 24/365 communities
 958; DabZ         ; exploit one-to-one web services
 959; Jaxworks     ; innovate proactive applications
 960; Thoughtblab  ; deploy sticky portals
 961; Skimia       ; morph best-of-breed bandwidth
 962; Browseblab   ; synthesize out-of-the-box action-items
 963; Mybuzz       ; morph bleeding-edge bandwidth
 964; Roomm        ; reintermediate impactful e-services
 965; Browseblab   ; engage compelling web-readiness
 966; Cogidoo      ; orchestrate magnetic networks
 967; Wikizz       ; harness 24/7 markets
 968; Midel        ; optimize out-of-the-box experiences
 969; Eidel        ; benchmark cutting-edge mindshare
 970; Aivee        ; visualize magnetic synergies
 971; Nlounge      ; e-enable B2B architectures
 972; Thoughtsphere; expedite frictionless experiences
 973; Mita         ; unleash bleeding-edge technologies
 974; Kimia        ; whiteboard 24/7 applications
 975; Edgeify      ; repurpose web-enabled portals
 976; Dabvine      ; incentivize compelling web-readiness
 977; Cogibox      ; enhance proactive functionalities
 978; Kare         ; cultivate best-of-breed applications
 979; Fliptune     ; innovate viral e-business
 980; Demizz       ; optimize scalable markets
 981; Vidoo        ; benchmark open-source supply-chains
 982; Kwideo       ; grow one-to-one schemas
 983; Twitterbeat  ; transform strategic infrastructures
 984; Vinder       ; iterate next-generation metrics
 985; Realbuzz     ; seize intuitive architectures
 986; Gabvine      ; engineer one-to-one niches
 987; Topiclounge  ; reinvent cross-media content
 988; Kamba        ; utilize mission-critical deliverables
 989; Bubblemix    ; mesh extensible metrics
 990; Photobug     ; recontextualize holistic systems
 991; Kwilith      ; facilitate value-added communities
 992; Thoughtbeat  ; whiteboard user-centric mindshare
 993; Katz         ; iterate impactful deliverables
 994; Youspan      ; disintermediate intuitive methodologies
 995; Tanoodle     ; innovate robust interfaces
 996; Digitube     ; incubate strategic systems
 997; Wikivu       ; maximize virtual e-markets
 998; Eamia        ; disintermediate best-of-breed synergies
 999; Topicware    ; implement bleeding-edge e-commerce
1000; Shuffletag   ; maximize 24/7 supply-chains
