id ; name                               ; slogan
103; Zemlak-VonRueden                   ; repurpose magnetic e-services
 25; Sawayn, Torphy and VonRueden       ; recontextualize cross-platform partnerships
 17; Kling, Greenholt and Fritsch       ; generate clicks-and-mortar paradigms
 11; Donnelly-Effertz                   ; orchestrate vertical portals
 39; Koepp-Medhurst                     ; reinvent plug-and-play niches
 12; Yost, Ritchie and Predovic         ; extend strategic eyeballs
 53; Prohaska-Halvorson                 ; innovate one-to-one functionalities
134; Crona, Gislason and Bradtke        ; deliver ubiquitous infrastructures
 16; Lebsack and Sons                   ; aggregate impactful niches
 82; Leffler-West                       ; target revolutionary models
121; Hamill and Sons                    ; strategize vertical metrics
  7; Brekke and Sons                    ; reintermediate B2B web-readiness
157; Feeney LLC                         ; cultivate cutting-edge vortals
163; Hickle Inc                         ; aggregate killer e-tailers
 93; Goldner LLC                        ; architect bleeding-edge e-markets
 88; McCullough, McCullough and Donnelly; mesh strategic interfaces
140; Conn Group                         ; leverage seamless partnerships
191; Bauch-Lang                         ; monetize 24/365 architectures
131; Klein LLC                          ; reintermediate leading-edge eyeballs
136; Hintz, Cronin and McCullough       ; strategize user-centric functionalities
  9; Sporer Group                       ; reinvent leading-edge channels
 50; Ruecker-Nikolaus                   ; optimize visionary methodologies
120; Streich and Sons                   ; synthesize open-source partnerships
  5; Walker-Maggio                      ; embrace sticky initiatives
 41; Sipes Inc                          ; drive cross-platform schemas
 72; Kulas Inc                          ; orchestrate end-to-end bandwidth
 86; Zieme-Kuvalis                      ; utilize viral methodologies
132; Jerde LLC                          ; synergize robust e-services
139; Rowe LLC                           ; engage transparent supply-chains
 31; Leannon-Cronin                     ; incubate interactive solutions
181; Stracke Group                      ; embrace distributed vortals
172; Mueller Group                      ; synthesize next-generation methodologies
 49; Stoltenberg-Mertz                  ; whiteboard world-class synergies
169; Sawayn Group                       ; repurpose magnetic portals
184; Klein, Keeling and Walter          ; streamline bleeding-edge markets
 22; Von-Morissette                     ; whiteboard 24/7 web-readiness
 77; Yundt-Carter                       ; syndicate extensible methodologies
147; Halvorson LLC                      ; integrate B2B e-services
 61; Little-Durgan                      ; reinvent vertical interfaces
189; Tromp, Kessler and Hills           ; revolutionize 24/7 e-tailers
 24; Wilkinson Inc                      ; evolve cross-media e-tailers
 44; Johnson-Hickle                     ; engineer next-generation users
 38; Stark LLC                          ; envisioneer killer systems
 94; Purdy Inc                          ; drive 24/7 portals
149; Zemlak-Berge                       ; synergize killer users
116; Friesen, Rowe and Schultz          ; enable virtual initiatives
128; Franecki, Hamill and Leffler       ; empower compelling paradigms
 26; Legros-Nienow                      ; optimize world-class e-business
 19; Russel-Boyer                       ; recontextualize scalable supply-chains
  6; Champlin, Wilderman and Bechtelar  ; productize proactive schemas
 81; Jacobs, Dach and Ferry             ; integrate mission-critical metrics
148; Schaefer, Abshire and Beahan       ; utilize enterprise vortals
174; Zulauf, Mraz and Beer              ; reintermediate compelling initiatives
 68; MacGyver-Stamm                     ; generate vertical web services
143; Brown, Strosin and Hodkiewicz      ; redefine out-of-the-box web-readiness
159; Bernier Group                      ; strategize real-time applications
150; Donnelly Group                     ; facilitate 24/7 paradigms
 65; Pfannerstill, Bayer and Mayer      ; unleash viral niches
125; Mitchell, Harber and Rau           ; implement e-business technologies
 98; Wintheiser Group                   ; empower next-generation networks
 74; Steuber Group                      ; deliver synergistic methodologies
197; Pfeffer, Lindgren and Kreiger      ; drive plug-and-play content
 97; Oberbrunner Group                  ; transition efficient eyeballs
154; Jacobson-Pfannerstill              ; revolutionize magnetic infrastructures
146; Donnelly and Sons                  ; reinvent sexy vortals
158; Hamill Inc                         ; monetize distributed applications
 79; Armstrong Group                    ; embrace efficient infrastructures
152; Will-Kuvalis                       ; iterate granular functionalities
 36; Heidenreich-O'Conner               ; iterate B2C infomediaries
105; Murazik, Purdy and Little          ; recontextualize B2C web services
200; Beahan, Goyette and Lowe           ; orchestrate back-end functionalities
108; O'Connell Inc                      ; reinvent synergistic synergies
164; Goldner, Paucek and Steuber        ; incentivize ubiquitous methodologies
153; Stehr Inc                          ; recontextualize strategic e-tailers
165; O'Keefe-Lind                       ; repurpose user-centric interfaces
 69; VonRueden-Ferry                    ; maximize cutting-edge e-services
 15; Balistreri-Blanda                  ; scale back-end convergence
119; Lubowitz-Runolfsson                ; implement world-class platforms
111; Tillman, Braun and Lemke           ; empower value-added methodologies
  4; Orn, Cremin and Larson             ; deliver end-to-end models
161; Dickinson and Sons                 ; exploit enterprise users
100; Goodwin-Kunde                      ; disintermediate cross-media systems
 87; Zulauf LLC                         ; utilize interactive partnerships
 70; Berge-Cummerata                    ; orchestrate ubiquitous e-commerce
 51; Towne, Bartoletti and Ferry        ; matrix seamless convergence
 66; Casper LLC                         ; repurpose granular applications
  1; Corkery Group                      ; aggregate mission-critical synergies
 63; Funk-Dietrich                      ; exploit 24/365 metrics
 54; Pagac Inc                          ; repurpose transparent eyeballs
  3; Schneider, Dickinson and Vandervort; matrix bricks-and-clicks networks
 83; Renner, Stehr and Kunde            ; synergize B2B channels
133; Friesen, Baumbach and Murazik      ; leverage value-added initiatives
 59; Toy, Leannon and Hintz             ; deliver global methodologies
127; Swift, Kshlerin and Osinski        ; enable strategic e-commerce
 21; Witting LLC                        ; grow robust interfaces
 76; Bradtke-Abshire                    ; empower front-end architectures
 13; Smitham, Schimmel and Hilll        ; repurpose intuitive communities
183; Hilll, Lind and Pollich            ; cultivate interactive action-items
 45; Vandervort-Adams                   ; envisioneer customized infrastructures
 10; Denesik LLC                        ; grow viral synergies
 57; Mohr, Smitham and Kertzmann        ; evolve 24/7 e-services
104; Kautzer Group                      ; reinvent robust methodologies
 34; Pouros-Hintz                       ; envisioneer revolutionary mindshare
195; Herman Group                       ; morph virtual architectures
113; Kreiger-Wisozk                     ; embrace synergistic initiatives
168; Okuneva and Sons                   ; aggregate next-generation convergence
137; Reichel LLC                        ; optimize customized methodologies
198; Champlin-Erdman                    ; e-enable impactful web-readiness
 56; Dicki-Koss                         ; grow customized infomediaries
130; Corwin Inc                         ; optimize B2B e-commerce
 92; Kunze, Runolfsson and Emmerich     ; harness rich e-tailers
 30; Kuhic-Gibson                       ; maximize value-added e-business
151; McGlynn Inc                        ; implement scalable vortals
102; Kozey-Skiles                       ; deploy dot-com ROI
 84; Treutel-Abernathy                  ; deliver revolutionary schemas
 43; Nolan, Osinski and O'Hara          ; redefine value-added web services
156; Rath, Frami and Kirlin             ; implement magnetic metrics
107; Jacobs-Kulas                       ; evolve bleeding-edge action-items
 60; Harris, Reynolds and Jast          ; monetize end-to-end platforms
179; Strosin, Krajcik and Pollich       ; target impactful supply-chains
  8; Hessel LLC                         ; enhance efficient eyeballs
190; Auer-Trantow                       ; reinvent out-of-the-box methodologies
  2; Sawayn-Konopelski                  ; synthesize killer functionalities
173; Schneider Group                    ; deploy value-added web services
142; Wunsch Inc                         ; transform world-class vortals
 73; Ondricka and Sons                  ; enhance frictionless models
109; Prohaska-Howell                    ; productize sexy content
144; Batz-Hessel                        ; drive customized content
 62; Cruickshank and Sons               ; cultivate ubiquitous models
 48; Dooley-Reichel                     ; benchmark enterprise models
176; Wiza and Sons                      ; recontextualize integrated systems
 29; Miller-Goyette                     ; innovate leading-edge vortals
160; Conroy, Vandervort and Gerhold     ; embrace vertical deliverables
196; Bogan-Kohler                       ; empower enterprise portals
126; Schuster Inc                       ; harness global e-commerce
199; Kuvalis, Mueller and Dietrich      ; transform sticky experiences
138; Wunsch, Keebler and Jacobs         ; exploit out-of-the-box mindshare
180; Mills-Treutel                      ; target impactful eyeballs
193; Ledner-Bednar                      ; monetize robust web-readiness
 99; Marquardt and Sons                 ; productize user-centric initiatives
114; Hintz, Waters and Johnston         ; incubate collaborative functionalities
117; Murphy and Sons                    ; harness seamless partnerships
 23; Kilback-Bosco                      ; engineer intuitive content
112; Sanford, Erdman and Ritchie        ; reinvent ubiquitous architectures
155; Berge LLC                          ; evolve user-centric interfaces
 90; Mayert, Goldner and Ward           ; evolve innovative infrastructures
167; Dicki Inc                          ; synthesize transparent paradigms
 33; Ledner Group                       ; benchmark customized experiences
 95; Emmerich Inc                       ; deliver revolutionary e-services
 18; Haag, Conn and Heller              ; synergize scalable solutions
 58; Howell Group                       ; unleash virtual networks
 89; Ankunding-Frami                    ; facilitate cross-media users
 75; Ziemann-Renner                     ; synergize robust bandwidth
192; Heaney, Daugherty and Upton        ; enhance cross-media portals
 46; Nicolas, MacGyver and Schuppe      ; streamline customized ROI
 32; Hand-Balistreri                    ; implement enterprise channels
175; Smith LLC                          ; revolutionize collaborative mindshare
 55; Crist LLC                          ; optimize impactful e-services
182; Beatty, Bartoletti and Quigley     ; scale cutting-edge users
 47; Schumm-Funk                        ; productize proactive supply-chains
124; Daniel-Marquardt                   ; deploy collaborative e-tailers
 78; Lakin Group                        ; deliver extensible web-readiness
185; Stanton LLC                        ; innovate vertical e-tailers
194; Armstrong-Kulas                    ; strategize user-centric supply-chains
171; Gleason and Sons                   ; expedite proactive web-readiness
 71; Feeney, Jacobi and Kozey           ; reinvent best-of-breed synergies
118; Harber LLC                         ; visualize bricks-and-clicks users
 64; Bradtke-Block                      ; target bleeding-edge relationships
110; Hudson-Vandervort                  ; benchmark efficient vortals
 67; Bogan, Glover and Kerluke          ; reintermediate collaborative initiatives
145; Murazik and Sons                   ; recontextualize world-class initiatives
 27; Murray Group                       ; target turn-key action-items
115; Grimes, Grimes and Gutkowski       ; synergize best-of-breed e-business
101; Bashirian Group                    ; cultivate ubiquitous channels
 91; Kub, Kunze and Moore               ; transform user-centric deliverables
166; Mertz LLC                          ; monetize dot-com methodologies
 14; Mayer, Ritchie and DuBuque         ; deliver best-of-breed metrics
 35; Mills-Goyette                      ; iterate holistic markets
 28; Gottlieb Inc                       ; empower sexy convergence
 80; Boehm-Pollich                      ; revolutionize transparent paradigms
 85; Murray Group                       ; incubate viral infomediaries
178; Hoppe-Leffler                      ; orchestrate dynamic e-tailers
 52; Weissnat, Parker and Bartoletti    ; engage integrated e-markets
 20; Powlowski Group                    ; revolutionize proactive functionalities
129; Glover-Langosh                     ; iterate B2B web-readiness
162; Huel Inc                           ; enable mission-critical networks
123; Frami LLC                          ; harness mission-critical networks
170; Boyer, Weissnat and Weimann        ; recontextualize cutting-edge synergies
 40; Bruen and Sons                     ; deploy B2B vortals
141; Schinner, Parker and Lindgren      ; leverage enterprise interfaces
 42; Fisher-Langworth                   ; enhance holistic applications
106; Gutkowski-Stracke                  ; deploy seamless platforms
186; Toy, Moen and Rippin               ; whiteboard ubiquitous metrics
 37; Goldner LLC                        ; whiteboard enterprise bandwidth
188; Kutch-Stamm                        ; deliver efficient networks
 96; Wisozk, Dicki and Lind             ; unleash extensible niches
187; Koch, O'Conner and Crooks          ; syndicate killer schemas
122; Kertzmann, Weissnat and Lueilwitz  ; iterate efficient content
177; Champlin LLC                       ; synthesize 24/365 deliverables
135; Wiegand, Mitchell and Schuppe      ; incubate user-centric communities
