id,first_name,last_name,salary,company_id
853,Trevor,Cona,35000,53
754,Staford,Gason,18000,120
995,Celisse,Cossom,76000,60
355,Kayle,Reavey,64000,14
330,Cristionna,Whitwam,21000,132
824,Zaria,McPeeters,35000,116
287,Florette,Bode,52000,41
862,Melissa,Lafoy,13000,72
985,Bobina,Seage,85000,147
527,Eliot,Poacher,42000,95
347,Samara,Kevane,23000,89
27,Kim,Salmoni,56000,117
207,Stacia,Keri,35000,92
93,Elora,Myatt,35000,103
299,Arie,Quaintance,26000,150
516,Samson,Flatt,97000,184
942,Sigmund,Isenor,54000,175
424,Westleigh,Lepick,78000,6
788,Emerson,Brashier,77000,47
490,Crissy,Bouchard,79000,15
850,Valentia,Phinn,26000,46
801,Federica,Bruff,71000,43
57,Broddy,Pasley,83000,87
653,Bud,Pikhno,74000,101
385,Farrel,Fearfull,85000,50
770,Charis,Yegorovnin,31000,98
30,Marinna,Girodier,89000,169
430,Will,Gosnay,98000,42
282,Janaye,Hollyar,61000,55
367,Wain,Grabeham,89000,40
543,Diahann,Gommowe,17000,68
799,Josey,Oatley,19000,156
743,Jeffrey,Paulsen,65000,118
569,Mariann,Duckerin,36000,104
983,Ynes,Ruslen,91000,108
958,Mufi,Van der Kruis,95000,29
188,Staffard,Belchambers,19000,143
5,Jeane,Briddock,15000,70
952,Marnie,Tindle,14000,64
858,Neils,McIan,30000,9
193,Zia,Dudbridge,29000,194
335,Romola,Hucknall,10000,75
949,Clayborne,Lardner,18000,97
153,Felice,Minichi,62000,64
695,Sheelagh,Coltart,32000,95
414,Annissa,Guitonneau,25000,79
689,Berri,Skeffington,40000,142
295,Junina,Cutting,19000,142
345,Jermayne,Piburn,100000,159
280,Drud,Petrou,17000,77
880,Clementia,Bernardelli,37000,29
402,Franciskus,Matisse,83000,95
26,Neville,Brugden,91000,121
113,Katlin,Lanfear,78000,179
751,Elena,Truelock,33000,92
541,Brook,Lowbridge,89000,183
806,Englebert,Gartshore,50000,176
866,Smitty,Tunnoch,72000,174
520,Kahaleel,Gawthorp,35000,47
246,Rodolph,Hiom,92000,143
247,Mahmud,Ewestace,11000,50
398,Yolanda,Chaplain,87000,169
859,Allyson,Karpol,62000,48
379,Carolin,Bredes,48000,180
233,Fiann,Kleewein,31000,27
472,West,O' Flaherty,27000,132
262,Stace,Brassill,43000,2
304,Filberto,Bound,91000,46
699,Rafaelia,Cathcart,12000,161
157,Abie,Ricciardo,48000,6
399,Joey,Phebey,73000,43
75,Tersina,Pafford,52000,113
570,Oswald,Heino,52000,18
594,Kurtis,Sturdgess,87000,174
493,Lauren,Collingwood,17000,96
446,Berna,Neubigin,93000,60
264,Vivyan,Sharpus,51000,109
329,Ringo,Papworth,84000,161
48,Marlena,Boomes,47000,108
77,Keelby,Yeatman,86000,149
744,Paxon,Fockes,85000,166
586,Heath,Mantione,17000,166
382,Boycie,MacAless,55000,165
169,Cobbie,Aicken,19000,11
117,Poul,Pail,63000,167
173,Maxy,Reijmers,53000,133
976,Ashely,Vignal,39000,8
979,Eric,Duignan,65000,134
734,Igor,Blackshaw,17000,15
881,Sarita,Blumsom,67000,29
152,Ruperto,Vela,71000,73
947,Octavius,Bratley,85000,73
418,Della,Bartot,57000,30
55,Fin,Swarbrigg,34000,43
203,Arch,Bust,47000,99
671,Bink,Linfitt,86000,17
151,Wang,Mennear,16000,14
390,Korry,Depport,34000,4
363,Zachery,Colthard,58000,149
845,Ibrahim,Shellum,74000,82
620,Godfree,Brookwood,77000,198
29,Gaultiero,Arbor,25000,33
403,Gualterio,Doxey,59000,20
946,Lauren,Beaford,97000,115
192,Essa,Kits,33000,81
437,Timoteo,Caseborne,78000,174
916,Katha,Giercke,26000,121
924,Melinde,Linzee,97000,68
165,Briney,Chasen,47000,98
509,Wilfrid,Goslin,50000,25
883,Drona,Cissell,51000,19
624,Gregg,Ellson,24000,194
818,Wendi,Tradewell,54000,128
325,Johann,Martschke,19000,31
11,Dennis,Perrot,76000,155
749,Livvy,Halso,32000,91
709,Dimitri,McLay,83000,11
213,Elmira,Wakeham,12000,163
87,Gregoire,Lenihan,90000,134
595,Mandi,Desouza,25000,85
614,Clare,Karppi,14000,107
727,Marrissa,Gosz,27000,58
50,Freddie,Comello,66000,22
257,Bent,Haxley,41000,157
759,Drugi,Durrett,55000,97
534,Damian,Joyce,93000,19
639,Hiram,Lowing,55000,145
536,Nathanial,Ornils,40000,122
544,Emory,Rao,54000,39
950,Johnathon,Crilly,40000,71
868,Basile,Chalkly,69000,95
597,Augustus,McGerraghty,64000,104
480,Annabell,Titchener,51000,146
137,Christiano,Davidovsky,64000,26
827,Gail,Cufley,17000,184
849,Carlye,Menpes,20000,73
499,Phaidra,Niezen,98000,53
306,Ramon,MacGown,69000,118
423,Darell,Cullingworth,49000,140
341,Emeline,Alcalde,59000,196
732,Dwayne,Elnaugh,60000,148
912,Morie,Lamputt,41000,96
584,Karlik,Danks,64000,123
429,Mace,Strotton,12000,66
122,Rickie,McPhillips,28000,136
212,Lauraine,Rosiello,56000,168
351,Gram,Von Brook,55000,120
421,Xavier,Haddock,12000,69
822,Roberta,Asquez,34000,54
131,Ashbey,Stearn,20000,193
433,Zahara,Peer,77000,146
311,Natalina,Mallion,15000,122
545,Becki,Eddisforth,74000,172
98,Alessandro,Ather,71000,95
13,Luella,Tinsey,47000,32
978,Neala,Houlaghan,43000,166
158,Giusto,Daintry,13000,165
15,Mindy,Meachen,33000,72
179,Cornelle,Nordass,27000,172
589,Wakefield,Pulteneye,18000,182
750,Courtnay,Poinsett,14000,87
565,Henry,Jolliffe,96000,128
370,Mill,Erbain,33000,58
111,Joyce,Packman,84000,182
185,Elene,Vannikov,91000,33
388,Hortense,Camel,18000,137
18,Carleton,Landes,100000,199
933,Maje,Beggs,56000,22
657,Marv,Stains,19000,125
648,Garvey,Vockings,71000,105
662,Niko,Mersh,74000,124
339,Trish,Letixier,93000,133
485,Elisabetta,Penkman,24000,56
389,Benjy,Boddy,79000,82
277,Marcellus,Grubey,20000,26
887,Randolf,Sharply,32000,139
362,Odette,Saltrese,39000,24
106,Cristine,Kamall,47000,34
386,Leela,Petren,89000,141
735,Cori,Oertzen,66000,136
301,Skippy,Twidell,11000,176
872,Benedick,Bramhall,78000,129
963,Linell,Haker,17000,8
495,Marylee,Ellaway,78000,197
221,Tova,Pentony,75000,146
577,Cyril,Wagerfield,43000,54
431,Minor,MacMorland,81000,49
870,Harlin,Joice,78000,193
405,Ely,Zamboniari,12000,16
674,Malcolm,Cardillo,44000,141
300,Dannie,Cheyney,39000,127
265,Rea,Bonnor,66000,152
681,Goddart,Beedon,63000,78
552,Helyn,Edward,48000,188
393,Joete,Bernardos,86000,155
938,Jocko,Piper,91000,150
642,Austina,Dmitrienko,38000,64
582,Salaidh,Redwin,26000,14
148,Gabriel,Einchcombe,20000,137
575,Daisie,Latey,75000,79
596,Leroi,Lyst,89000,166
540,Johnna,Faccini,91000,86
524,Joan,Seeler,43000,196
608,Carola,Bortoloni,85000,109
232,Aprilette,Powrie,86000,75
776,Cindelyn,Rickerby,85000,165
779,Jemima,Fleming,77000,67
702,Roxine,MacSharry,49000,188
343,Kaile,Klaas,77000,18
871,Kerianne,Langcastle,52000,135
800,Jarad,Inge,58000,49
142,Zach,Rackham,81000,112
37,Brad,Daine,47000,96
236,Crissy,Pillifant,42000,118
826,Roana,Pennacci,57000,66
73,Livvyy,Yakubowicz,66000,62
962,Sophie,Kinzel,82000,57
434,Elisha,Cully,60000,82
91,Billie,Gouch,19000,169
679,Tobey,Farrans,29000,170
680,Justin,McCurlye,80000,128
120,Lindsy,Auty,47000,86
533,Phylys,Rennels,90000,80
477,Elene,Ianno,24000,88
364,Reena,Haet,59000,166
932,Gertrude,Angrave,10000,55
634,Renault,Minchin,100000,119
867,Adolphe,Havill,98000,17
234,Ayn,Gersam,79000,73
318,Hayley,Purdie,19000,8
99,Isak,Fairbairn,64000,15
92,Pedro,Stigell,48000,159
526,Claiborne,Jurkowski,75000,123
68,Shep,Coonihan,54000,115
82,Riley,De Bruijne,23000,85
631,Clem,Ginley,18000,189
921,Griswold,Schankel,68000,161
708,Griffy,Gingell,16000,66
96,Caryl,Gale,90000,34
218,Kamila,Gerrietz,37000,127
503,Halsey,Gandley,50000,26
346,Beaufort,Tingey,54000,76
756,Rozelle,Levane,31000,109
715,Keefe,Terbrugge,51000,13
854,Gustaf,Hadfield,47000,159
394,Cleavland,Ferry,86000,106
728,Kenny,Kryszkiecicz,60000,6
726,Gennifer,Pinchon,20000,156
62,Harris,Parslow,40000,46
110,Deane,Giffaut,72000,62
438,Lonny,McNay,95000,119
701,Dulcinea,Scranny,55000,23
532,Baillie,Ripping,77000,16
663,Bren,Skeermer,63000,101
769,Claresta,Lacase,48000,68
741,Carlin,Harsnep,94000,106
846,Delilah,Ongin,44000,124
377,Willi,Hurch,86000,65
417,Vittorio,Aldiss,31000,104
183,Parke,Jiruch,22000,110
60,Naomi,Lidyard,99000,190
972,Bord,Parker,81000,182
450,Cosette,Santen,21000,3
640,Dante,Bon,22000,41
856,Rikki,Ellph,37000,34
79,Conny,Shorey,84000,1
94,Alvy,Enrrico,68000,96
821,Gian,Marwood,60000,22
334,Janey,Whall,38000,180
771,Lenore,Wardell,97000,109
892,Corrie,Fitzsymons,77000,187
836,Andria,Adnett,28000,122
521,Tommie,Lissandrini,85000,160
272,Willie,Sellek,65000,57
465,Aida,Pankhurst.,45000,159
696,Danie,Shrieves,38000,125
156,Susan,Bateson,65000,142
123,Dalenna,Tynewell,80000,166
980,Chance,Circuit,69000,2
576,Marcos,Varvara,47000,91
170,April,Wythill,33000,125
666,Zachary,Hopfner,71000,29
125,Welsh,Vicary,48000,180
839,Guillaume,Vayne,88000,164
166,Reyna,de Clerc,35000,61
955,Emili,Westrey,87000,181
547,Luce,Smolan,59000,15
974,Enrika,Orht,78000,105
473,Anselm,Dix,95000,161
271,Hobey,Eastes,84000,137
919,Skippy,Hargie,16000,78
957,Frasco,Van de Castele,58000,115
223,Leta,Whitland,61000,5
506,Ranice,Bearblock,24000,97
471,Deny,Adolfsen,47000,142
907,Milly,Joselevitch,97000,20
250,Nevil,Thurley,94000,113
617,Melany,Baden,31000,155
811,Allistir,Kinig,92000,9
651,Marcellus,Atkirk,81000,194
784,Vanny,Signe,34000,158
155,Evey,Pim,19000,65
567,Codie,Lovelace,45000,178
43,Shelagh,MacCaghan,31000,145
159,Maddie,Frarey,100000,167
85,Katie,Marklin,28000,136
740,Dotty,Keele,88000,149
269,Beckie,Halton,49000,174
150,Leann,Batchellor,74000,86
448,Darsey,Gummary,70000,17
564,Eve,Broster,39000,131
112,Maitilde,Fargher,65000,74
320,Gilberte,Swane,43000,192
901,Zebadiah,Vassman,93000,191
636,Carolee,Fancutt,93000,150
831,Lilah,Cossam,31000,149
777,Hirsch,Varley,81000,164
941,Janeva,Kirby,97000,139
39,Legra,Chiles,27000,138
488,Padgett,Alenichev,83000,48
893,Sander,Skivington,93000,74
691,Benjamen,Kindell,55000,36
765,Northrop,Trusty,97000,85
426,Dari,Awty,32000,7
167,Ilysa,Eldred,13000,4
209,Robinet,Gauson,97000,195
164,Madeleine,Croyden,65000,103
781,Juline,Stickland,21000,130
698,Bella,De Domenicis,39000,48
228,Binnie,Roxburgh,66000,179
637,Torey,Bunstone,79000,140
967,Karry,Coit,41000,52
298,Adelice,Kiddie,72000,150
956,Doti,Bowman,89000,49
340,Sheppard,Lerway,73000,147
884,Finn,Strawbridge,83000,13
312,Clerissa,Stilgo,25000,132
729,Alasteir,Scutter,26000,128
181,Wilhelm,Emmanuel,46000,56
885,Egor,Renish,78000,178
605,Alwin,Scobbie,80000,57
126,Adoree,Mattiato,99000,2
46,Doyle,Traylen,39000,59
401,Ladonna,Tschirschky,99000,23
889,Devinne,Corris,20000,72
720,David,Manna,45000,144
163,Ashly,Firidolfi,82000,103
555,Jeanelle,Marcinkus,60000,115
412,Rafael,Gerin,94000,38
274,Rafaelia,Pierucci,48000,58
251,Janetta,Chown,65000,37
285,Allen,Deerness,72000,28
256,Alwin,Lowerson,79000,10
133,Ardene,Gerrietz,77000,42
786,Judas,Powlesland,40000,49
510,Xenia,Astlatt,18000,30
481,Gabriello,Hemmingway,55000,43
767,Missie,Haverty,35000,174
100,Misha,Edmand,16000,62
17,Marla,Povlsen,69000,177
186,Peggie,Barthod,51000,106
445,Lena,Genicke,74000,116
997,Oswald,Kelland,62000,144
815,Jeni,Haskell,38000,170
988,Clayborne,Seebert,30000,102
316,Anett,Cassell,93000,88
116,Briano,Woolager,78000,125
270,Cullen,O'Dee,47000,193
319,Meggi,Gagin,65000,84
623,Avictor,Valerius,11000,177
618,Rourke,Attride,84000,137
730,Mora,Yakovl,27000,129
143,Hope,O'Crevy,77000,176
284,Shel,Gleasane,94000,142
225,Estelle,Betser,65000,110
514,Sally,Stelle,16000,77
324,Charley,Marjoribanks,22000,1
83,Stan,Walklate,56000,116
965,Albertina,Prevost,17000,97
694,Staford,Shears,45000,149
198,Eugenie,Church,13000,129
12,Thomas,Winger,13000,139
913,Iseabal,Garvagh,65000,129
14,Nathanael,Foxhall,38000,17
455,Corella,Aleksankin,36000,154
161,Kimberlyn,Meugens,24000,196
604,Foss,Loude,57000,63
909,Myra,Whitchurch,25000,85
145,Tanner,Bellie,85000,33
229,Fletcher,Baitey,13000,34
991,Editha,Dowsey,60000,138
20,Pearl,Traves,39000,190
230,Abbe,Blaymires,27000,191
70,Jarrad,Simmig,20000,107
710,Yehudit,Esome,46000,118
297,Lidia,Richin,24000,140
598,Horst,Phair,46000,131
331,Nichol,Abrahamian,67000,33
757,Ev,McRonald,97000,173
375,Vivian,Filimore,54000,197
571,Laurens,Giorgiutti,92000,91
944,Brett,Lempenny,21000,143
803,Skipp,Stooke,61000,26
337,Gael,McCarver,58000,154
989,Coleman,Cromarty,60000,65
783,Mei,Yuille,18000,124
222,Liliane,Duval,19000,87
210,Hagan,McTiernan,43000,62
713,Gunther,Clorley,64000,7
852,Domini,Omar,31000,120
832,Cristiano,Coalburn,34000,15
917,Farley,Collister,12000,64
182,Doti,Chaddock,30000,110
897,Terence,Grebbin,27000,84
531,Sebastiano,Blaver,51000,94
283,Burch,Perrett,34000,19
174,Blake,O'Kennedy,45000,42
171,Hervey,Breem,20000,138
719,Patten,Benn,51000,191
966,Adelina,Foy,97000,44
241,Heidie,Ridsdole,16000,121
895,Lay,Hanne,92000,168
360,Lindsey,Styche,11000,180
190,Rheta,Seldon,88000,70
470,Kylila,Bonifant,49000,93
372,Ingram,Escalero,12000,61
899,Eustace,Lilywhite,58000,81
861,Dante,Bassill,81000,176
483,Min,Hallums,17000,78
84,Melina,Goodyer,70000,93
214,Renado,Beurich,40000,21
59,Celestia,Beston,97000,146
378,Jill,Hearns,55000,150
267,Theobald,Cupper,21000,56
973,Celine,Dubock,57000,164
239,Cindy,Goodredge,41000,55
891,Dara,Somerset,13000,165
108,Nana,Coultar,37000,15
834,Gustie,Baldacco,46000,199
948,Cherice,Toler,86000,165
529,Liesa,Tripney,13000,145
843,Prinz,Yeskov,25000,193
28,Davin,Candish,11000,118
847,Panchito,Moyle,31000,34
443,Mill,Croydon,30000,157
1000,Nada,Lygo,22000,174
982,Waylin,Walsh,99000,56
290,Marysa,O'Henecan,16000,197
808,Cassie,Harries,29000,79
197,Sammie,Baunton,70000,89
828,Susann,Masdin,60000,124
136,Fanny,Iskower,39000,138
523,Truman,Simonnot,32000,180
574,Babs,Testin,24000,140
453,Jelene,Veighey,75000,109
19,Rockey,MacCurlye,84000,117
328,Bary,Mullins,10000,116
716,Ravi,Vearncombe,65000,23
795,Sher,Withull,18000,128
74,Buffy,Kunc,32000,151
615,Marve,Humpherson,84000,73
245,Roseanna,Jarrard,12000,98
928,Edita,Rosbottom,26000,114
404,Zuzana,Collcott,79000,1
590,Dwayne,Ridehalgh,17000,141
475,Marlene,Thorius,25000,65
308,Sutherlan,Edinboro,63000,151
45,Daniella,Havik,10000,23
350,Griswold,Cutmore,85000,90
900,Jinny,Lindgren,10000,126
63,Gavin,Pirouet,80000,16
573,Lina,Hebbes,76000,34
9,Trescha,Durbridge,73000,18
226,Alex,Clyburn,58000,67
204,Delores,Gilphillan,62000,182
591,Berta,Gammons,96000,9
705,Karleen,Tapin,30000,18
700,Tracie,Carnock,25000,127
888,Abbie,Allicock,15000,89
943,Tracy,Diviny,38000,43
177,Sinclare,Kellick,27000,6
102,Cecil,Upjohn,29000,11
635,Daniele,Doust,14000,45
38,Cori,Wegman,61000,195
103,Amandie,Lisciandri,43000,129
178,Nettie,Gowdridge,37000,64
517,King,McVaugh,62000,3
255,Christopher,Nutley,33000,160
196,Cybill,Hallagan,67000,63
220,Eyde,Synder,43000,169
54,Geri,Doret,94000,162
518,Ernest,Carlick,26000,109
792,Kile,Darley,65000,162
352,Mason,Spieck,31000,29
466,Ezequiel,Massingberd,35000,69
676,Verina,Culver,47000,28
922,Ollie,Wintringham,53000,8
683,Lyell,Bickardike,54000,19
243,Yardley,Seson,62000,110
559,Margret,Ricca,49000,10
813,Candy,Caston,72000,48
542,Malissa,Boswell,94000,184
993,Noland,Schistl,39000,27
374,Gabbey,Paulson,61000,8
607,Emilie,Brigstock,10000,16
441,Issie,Lovstrom,67000,113
931,Hubie,Lindenman,94000,137
688,Rozanna,Schuricke,99000,181
712,Fredek,Strewthers,11000,170
65,Denise,Niessen,51000,191
986,Dotti,Maddocks,73000,176
468,Cheslie,Trevain,58000,100
463,Andrew,Sarjant,77000,104
275,Rosa,Franschini,96000,132
144,Muhammad,Lillecrop,26000,76
753,Shem,Chable,97000,168
668,Humfried,Aplin,29000,108
971,Alexandrina,Fletham,92000,194
863,Alla,Gillie,31000,36
356,Joseph,Bowser,81000,99
677,Willy,Maddicks,39000,32
848,Son,Hanaby,73000,152
875,Charley,Wattins,91000,51
578,Hoebart,Crutchley,21000,8
286,Sayer,Davidove,87000,1
874,Bing,Vuitton,90000,10
41,Herculie,Garvan,44000,79
864,Sullivan,Kensitt,97000,17
773,Charita,Robart,29000,131
561,Addie,Royal,33000,162
268,Reginald,Stoffel,74000,130
199,Trev,De Angelo,30000,18
302,Fitz,Oakeshott,60000,183
638,Verena,Piddle,42000,164
606,Ira,Paula,45000,4
894,Pavel,Shackleford,93000,158
492,Hailee,Pinnegar,11000,34
724,Karlik,Sellars,77000,166
619,Leese,Dwyr,80000,36
67,Sayre,Kubacki,83000,10
762,Tallou,Rens,55000,33
391,Barbabra,Alvin,14000,84
603,Harry,Tatersale,63000,146
905,Jillane,Albon,62000,196
659,Davey,McVitty,10000,33
878,Willow,Wilsee,22000,163
128,Alejoa,Baunton,60000,81
147,Rem,Tofanelli,52000,86
258,Chastity,Woodyer,22000,24
656,Orland,Chadband,41000,152
954,Annabal,Durgan,26000,58
707,Wendi,Fenne,77000,38
844,Maridel,Seak,23000,166
915,Tiffi,Iggalden,44000,33
903,Kristian,Skyram,89000,190
140,Verla,Cocks,97000,179
310,Angelle,Stapels,94000,73
205,Arie,Britcher,86000,148
793,Aurie,Attwill,90000,103
336,Ondrea,Vyvyan,45000,70
121,Sadella,Izacenko,23000,135
187,Peta,Vergine,36000,144
714,Brigida,Duchart,18000,75
898,Devin,Sinkinson,64000,99
918,Claudetta,Bletso,18000,23
7,Isobel,Dasent,61000,169
599,Briant,Thorogood,66000,133
748,Lizbeth,Duding,15000,81
451,Francois,Bramsen,46000,193
160,Sasha,Chipp,88000,139
202,Marleen,Gook,84000,77
752,Staford,Crew,10000,109
682,Keen,Murrison,85000,87
968,Shayna,Kirtland,38000,133
665,Brooks,Print,25000,168
97,Adan,Sheldrake,18000,130
80,Isa,Stollsteiner,85000,200
1,Allegra,Nobes,38000,198
782,Malinde,Merrington,38000,137
460,Nial,Buer,19000,42
206,Jules,Serridge,87000,63
449,Mayne,Grimsdith,96000,152
512,Raff,Mooreed,63000,102
249,Milo,Flavelle,68000,183
392,Simone,Woolard,75000,63
992,Danella,Pryce,100000,181
248,Liza,Eaken,48000,198
34,Carrie,Lampard,98000,95
278,Herbert,Irvin,89000,76
109,Natalina,Onge,10000,85
587,Ernaline,Maylott,10000,180
644,Briney,Napper,92000,43
747,Vera,Braney,97000,42
601,Loella,Ajam,42000,188
652,Tana,Haggath,59000,1
566,Martie,Wink,61000,151
554,Kimberli,Wilfing,36000,199
242,Denis,Tsar,85000,43
802,Chanda,Madden,25000,2
114,June,Byneth,36000,86
139,Kaia,Learned,66000,27
611,Claudette,Lalor,36000,168
725,Fionna,Barmadier,94000,160
313,April,Cucuzza,64000,39
72,Rudy,Eads,95000,14
507,Emile,Sloss,25000,53
763,Tiphany,Nise,86000,27
211,Glendon,Tourot,75000,17
359,Shannon,Epelett,29000,52
817,Chris,Vennart,98000,66
432,Gawain,Llywarch,87000,162
789,Carina,Brandsma,79000,28
627,Florida,Nickless,86000,112
349,Harry,Pittoli,20000,28
281,Stanwood,Tomsen,81000,25
294,Xylia,Tuma,56000,191
960,Christina,Jankovic,21000,41
420,Elfrieda,Shiels,21000,78
785,Ingemar,Espy,35000,100
508,Roy,Pitbladdo,76000,19
684,Meyer,Renish,59000,121
408,Sunny,Skillicorn,34000,16
2,Aleen,Rosenthal,96000,79
876,Devan,Helsby,58000,20
621,Tina,Cominello,77000,136
383,Tamiko,Jenno,27000,22
118,Saraann,MacSharry,90000,177
476,Morena,Evangelinos,26000,131
643,Dollie,Friedman,83000,144
655,Birdie,Swanton,41000,25
305,Barbey,Stothert,89000,27
365,Kerri,Ronaghan,17000,148
539,Naoma,Grishenkov,69000,9
266,Adara,Dybald,51000,109
951,Dewitt,Devanney,57000,45
25,Leisha,Norcutt,64000,53
593,Gratiana,Giamitti,50000,101
195,Storm,Marusyak,79000,183
722,Connor,Mattiazzo,60000,110
557,Cammy,Bernardin,66000,121
317,Blondelle,Ianniello,90000,172
371,Pearla,Chattey,39000,35
678,Uri,Comsty,94000,93
996,Verge,Alasdair,59000,75
731,Nesta,Upstone,40000,155
908,Spense,Vamplew,51000,117
667,Randal,Tomovic,77000,163
711,Hedvige,Worlock,40000,102
840,Merrel,Rathe,10000,134
487,Ami,Poulsum,68000,113
581,Jerrilyn,Welch,96000,184
675,Earlie,Mandy,80000,51
22,Malchy,Latchford,68000,182
703,Caryl,Depper,68000,184
807,Dugald,Illiston,47000,149
479,Hollyanne,Novello,25000,158
602,Emmet,Didsbury,77000,9
558,Juan,McTerlagh,82000,131
149,Nady,Carnaman,96000,10
687,Deny,Organ,21000,29
742,Norene,Boothroyd,36000,108
865,Nathanael,Chadwen,22000,124
877,Junina,Grigolashvill,25000,103
354,Livvyy,Ruslen,24000,82
580,Cherise,Luc,60000,34
395,Amalia,Brennenstuhl,37000,79
462,Zola,Cheale,24000,28
649,Tana,Longdon,91000,89
4,Babs,Farnie,14000,148
23,Renato,Seckom,32000,80
588,Nobie,Siviter,29000,11
127,Darelle,Giriardelli,96000,184
146,Marina,Quickfall,52000,38
502,Cherianne,Critchley,94000,41
494,Robenia,Cashley,19000,86
474,Trish,Geldeard,74000,122
736,Rori,Stennard,53000,180
798,Hedy,Prettyjohns,29000,144
562,Staford,Scrivener,48000,60
16,Paige,O'Dougherty,80000,7
175,Kale,Yakuntsov,12000,49
235,Art,Hawkeridge,19000,180
461,Bamby,Shwenn,25000,80
24,Ambrosius,Stocken,60000,50
115,Clem,Frosch,11000,153
322,Cletis,Threadgill,53000,96
939,Angy,Lassells,11000,187
482,Janette,Elgram,57000,82
738,Barri,Hardan,50000,94
504,Filippo,O'Lunny,33000,149
945,Berny,Fudger,66000,113
291,Levon,Twyford,16000,13
52,Lib,Sharvill,13000,162
464,Dionne,Lingard,86000,146
977,Sonia,Falconbridge,26000,189
646,Renard,Mellenby,11000,32
923,Ebony,Pratton,48000,108
630,Drew,McElree,54000,49
413,Robert,Woosnam,90000,141
135,Skelly,Stolworthy,93000,73
706,Gianina,Bater,72000,57
36,Shayna,Cucinotta,77000,164
560,De witt,Tuft,56000,133
35,Nessie,Hardwidge,85000,33
841,Alfi,Fusedale,95000,121
486,Sebastiano,Pudsall,61000,98
515,Sally,Manvell,66000,62
804,Daile,Licas,34000,127
600,Erma,Huburn,96000,75
231,Faustine,Fawcitt,47000,194
458,Washington,Howels,99000,5
326,Lauretta,Lantaph,14000,9
519,Tuck,Stoyle,73000,120
981,Tedda,Crooks,100000,76
549,Carolin,Sewter,65000,43
825,Chauncey,Pulford,89000,171
775,Laurie,Drillingcourt,67000,185
990,Farah,Schwieso,99000,185
585,Shena,Grabham,75000,191
105,Adair,Ridesdale,57000,2
625,Kingsly,Lightollers,92000,26
419,Addy,Baudins,26000,63
664,Hillyer,Hilland,13000,107
71,Fulvia,Klimmek,12000,185
896,Pacorro,Greenway,77000,29
168,Morie,Alderson,31000,28
936,Doralyn,McGibbon,79000,140
134,Rustin,Deniskevich,44000,85
930,Robinet,Gladhill,60000,86
886,Kevin,Jelleman,66000,20
217,Jennine,Chorley,94000,89
484,Miles,Anthiftle,76000,151
422,Britt,Goodday,99000,34
216,Salome,Elphick,68000,168
764,Konstantin,McAndrew,89000,117
415,Jordon,Jensen,68000,166
953,Jess,Malkie,26000,183
796,Alisa,Winterbotham,73000,185
994,Letisha,Saunder,46000,30
56,Dawna,Cleve,62000,16
296,Rodge,Tibald,59000,38
693,Eleanore,Whalley,43000,40
937,Irena,Pomroy,10000,197
797,Kare,Paul,54000,2
522,Bernette,Rowson,48000,45
88,Brennen,Tyrwhitt,97000,162
823,Eamon,Furmonger,94000,150
837,Kiley,Piel,35000,188
926,Karon,Cockill,80000,154
154,Berty,Nathon,96000,16
929,Milissent,Sandford,66000,81
447,Ramon,Ronisch,21000,4
610,Aloise,Faucett,95000,81
685,Ferguson,Boole,51000,45
920,Simone,Vigietti,23000,195
189,Sabra,Fogarty,86000,82
500,Lorain,Mulvany,30000,188
556,Vannie,Kinder,48000,11
338,Dacey,Lodemann,100000,48
787,Eddie,Geddis,10000,174
810,Harald,Giacobo,55000,39
307,Consolata,Linney,63000,87
444,Emmet,Aberdalgy,92000,70
309,Nannette,Allawy,11000,176
686,Jory,Januszewski,36000,42
409,Cam,Jeckell,19000,137
132,Marcel,Labarre,54000,55
890,Melly,Ewestace,35000,107
819,Margeaux,Van Hove,85000,48
791,Etheline,Lassell,97000,4
746,Kym,Kinchley,83000,141
279,Caleb,Le Marquand,65000,191
984,Ossie,Deport,86000,11
998,Gaylord,Casaccio,54000,11
766,Rab,Conechie,60000,33
645,Levy,Blesing,40000,155
538,Blancha,Rief,54000,130
550,Marney,Nutman,54000,78
496,Venus,Knapper,71000,88
780,Sinclair,Dene,91000,44
33,Lira,Whilder,77000,66
525,Chickie,Murdie,46000,134
622,Zebulen,Wrennall,69000,135
592,Tait,Mushawe,79000,103
768,Sigfrid,Tax,88000,11
240,Miquela,Terzza,18000,24
647,Gladi,Gwinn,57000,45
970,Ginni,MacGahy,87000,152
690,Rae,Collabine,70000,2
613,Norri,Wickins,56000,195
478,Cristen,Dows,93000,47
332,Ali,Girardini,64000,179
661,Gaylor,Briscoe,55000,90
124,Fifi,Holligan,65000,6
733,Tanhya,Clementucci,51000,142
400,Opalina,Merveille,93000,33
491,Ives,Medley,26000,29
410,Modesty,Jorio,29000,56
3,Leena,Turfrey,88000,63
253,Jennica,MacKeague,18000,157
497,Johna,Kunisch,84000,86
672,Tobit,Rosen,90000,15
964,Tybalt,Prettjohn,37000,192
650,Kordula,Noon,20000,45
452,Sansone,Aksell,29000,34
442,Ken,Kempton,99000,178
6,Garik,Duham,12000,70
528,Pyotr,Worral,40000,72
505,Payton,Tomney,34000,181
814,Thorny,Alleyn,86000,25
252,Nissa,Rubinshtein,88000,38
879,Ginni,Quiddihy,72000,8
535,Donnell,Attrill,81000,181
40,Caralie,Skelbeck,55000,200
812,Loreen,Westcar,43000,85
628,Thibaut,O'Hagirtie,67000,27
563,Keelia,Corday,70000,196
626,Evangelia,Abelov,11000,90
459,Alane,Delieu,97000,14
53,Dallas,D'Alessandro,80000,59
327,Ilaire,Driutti,37000,131
537,Antonio,Carthew,96000,178
384,Ebba,Balogun,73000,39
427,Perla,Abelov,91000,152
904,Madelaine,Tebbutt,52000,191
10,Bryce,Guiton,82000,128
358,Valentia,Maase,12000,117
842,Pennie,Guerola,74000,113
237,Cornela,McClory,95000,85
261,Domeniga,Jowsey,93000,144
357,Cathleen,Bly,87000,192
353,Pietra,Caustic,64000,123
723,Talyah,Bosson,30000,113
969,Mac,Marsy,19000,77
201,Bambie,Cains,69000,115
428,Sallee,Sarver,75000,47
838,Ellissa,Garnson,62000,10
348,Malvina,Dybell,75000,87
469,Sybila,Tozer,70000,32
58,Margalo,McIlmorie,43000,187
344,Stephanus,Gilligan,82000,38
935,Torrin,Mark,25000,12
851,Pierre,Pizer,45000,131
820,Mord,Ducker,44000,40
416,Rae,Surtees,79000,103
227,Caldwell,O'Carran,20000,129
717,Gare,Timny,22000,126
361,Sheba,Eardley,57000,179
180,Liesa,Geerits,81000,59
436,Leandra,Grewcock,93000,98
454,Maurene,Leckey,30000,4
129,Jaclyn,Petroselli,34000,40
761,Jud,Mortell,85000,105
51,Tiler,O'Kieran,56000,94
47,Natividad,Nursey,88000,196
548,Ab,Held,50000,26
873,Caye,Ambrose,97000,125
774,Ephraim,Cheer,41000,171
940,Irving,Cortin,11000,39
805,Tadeas,Bohler,35000,178
369,Cordey,Biesty,54000,110
830,Caritta,Macconachy,93000,122
303,Myrle,Kitcatt,33000,154
411,Alasteir,Leban,88000,71
718,Giana,Kleinert,77000,143
739,Kristine,Di Biasi,68000,56
49,Herta,Faust,58000,76
546,Fidole,Negal,44000,130
835,Ferguson,de Banke,38000,109
641,Candie,Lenden,45000,175
860,Morris,Danilyak,100000,42
583,Trumaine,Ventris,52000,142
882,Randie,Hallows,63000,82
910,Kaiser,Espinazo,46000,76
961,Binny,Janicek,96000,77
572,Klemens,Waleworke,82000,145
673,Rikki,Ruddell,76000,45
869,Lena,Dutt,98000,24
498,Pamella,Stonehouse,44000,11
333,Daphene,Championnet,19000,157
658,Lea,Adami,54000,93
501,Aubine,Pridding,72000,131
86,Alyss,Evennett,100000,148
387,Heindrick,Younger,77000,122
260,Jarad,Gough,35000,77
184,Llywellyn,Mournian,33000,85
927,Darcy,Kunat,98000,134
999,Boyd,Birdwhistell,34000,40
42,Quinn,Murcott,91000,129
435,Orrin,Millen,81000,81
406,Robers,Roscoe,87000,141
107,Barde,Bloom,65000,181
32,Marcelo,Lerohan,85000,136
902,Elberta,Giral,82000,55
745,Belia,Surcombe,92000,35
632,Parrnell,Kinzett,69000,199
219,Lev,Tome,66000,107
191,Delinda,Kippie,47000,40
138,Donelle,Mepham,98000,63
95,Donnajean,Stangoe,13000,146
81,Heriberto,Salling,80000,92
194,Sergeant,Ivison,16000,8
758,Jenine,Trusler,100000,102
176,Nettie,Healks,26000,109
440,Roberta,Goold,16000,100
44,Abagail,Kinglake,83000,159
292,Burl,Pybus,62000,71
293,Sybille,Batman,24000,78
660,Brena,Towne,69000,105
21,Hertha,Butt Gow,77000,124
130,Samara,Pringer,36000,189
396,Shirley,Widmoor,51000,95
376,Ondrea,Shoppee,60000,39
407,Ailey,Kemet,91000,59
78,Olia,Stillert,55000,38
975,Saunderson,Gartrell,11000,180
238,Gabbi,Griss,61000,136
934,Iosep,Dufaire,57000,93
737,Doe,Ianiello,49000,86
66,Bonny,Atterley,11000,124
987,Lee,Odde,58000,82
697,Johny,Barthel,79000,144
8,Juliette,Huyton,43000,77
342,Costa,Winter,19000,172
809,Averil,Klimas,97000,54
721,Earl,Lilburne,57000,131
200,Vassily,Beckhouse,81000,86
366,Bryn,Winny,42000,71
162,Nye,Clewett,46000,136
553,Liza,Crowdace,52000,8
288,Adi,Castelletto,33000,71
568,Karl,Dunkersley,80000,111
208,Armstrong,Vamplew,90000,122
368,Odilia,Haylor,28000,35
829,Baldwin,Worviell,66000,90
609,Brandea,Jeremiah,40000,83
215,Ronnica,Throssell,72000,7
289,Kimbra,Piche,61000,21
816,Jennica,Januszewski,31000,88
654,Walt,Heinl,92000,107
959,Deck,Anniwell,92000,186
755,Kelcy,Withur,10000,148
530,Maude,Spadotto,57000,142
457,Candace,Seifenmacher,16000,2
69,Hammad,FitzGibbon,36000,41
669,Agretha,Caplan,50000,158
692,Celinka,Kaesmakers,95000,160
855,Redford,Corkish,67000,41
254,Teodoor,Martel,67000,53
263,Amye,Seago,26000,73
760,Early,Miettinen,86000,53
259,Kacie,Sharpless,10000,200
670,Say,Dionsetto,21000,6
425,Wilma,Coulling,53000,82
76,Kirk,Ellis,25000,180
906,Arleen,Mourant,28000,22
380,Nannie,Pauluzzi,83000,39
633,Jamima,Gayforth,92000,143
89,Hurley,Seaborn,85000,98
141,Annetta,Maud,96000,30
101,Cirillo,Shine,49000,38
857,Tibold,Wratten,33000,77
794,Bari,Martinson,65000,115
772,Alaine,Watkiss,10000,13
790,Sandye,Shewen,10000,144
612,Boris,Emlyn,29000,71
489,Rolland,Riggs,49000,51
467,Jacynth,Stodart,56000,55
914,Jyoti,Rayman,49000,119
579,Arnuad,Radborn,62000,75
119,Merrill,Chessman,69000,24
61,Benyamin,Shimmings,71000,78
551,Silas,McPhilip,27000,175
224,Laureen,Tomsen,21000,18
276,Stephan,Toms,10000,69
629,Delcine,Tedahl,100000,43
172,Lydon,Dowd,91000,118
513,Morissa,Farnaby,19000,180
616,Jarrod,Aspinall,21000,193
925,Hally,Curman,21000,8
911,Modesta,Verbruggen,20000,104
314,Tyler,Ivashnyov,78000,54
31,Marlie,Hollebon,17000,155
244,Maggie,Monnelly,73000,17
315,Alphonse,Stolworthy,60000,118
64,Chaunce,Savell,50000,52
90,Jacqui,Money,15000,53
397,Leanna,Isted,25000,27
456,Omero,Ornillos,95000,59
373,Bertrand,Huortic,62000,80
323,Fons,Bonnier,75000,137
381,Jordan,Matheson,56000,19
704,Bert,Krimmer,94000,79
778,Elly,Chillcot,27000,172
511,Perrine,Scammell,27000,44
104,Westleigh,Landreth,84000,45
321,Sid,Phalp,44000,42
833,Gauthier,McPhee,41000,156
439,Thatch,Redmayne,58000,171
273,Jenni,O'Doherty,62000,73
